c_id,name,address,phone_number,email
c0000,John 0,0 street,1-206-555-0000,email0@gmail.com
c0001,John 1,1 street,1-206-555-0001,email1@gmail.com
c0002,John 2,2 street,1-206-555-0002,email2@gmail.com
c0003,John 3,3 street,1-206-555-0003,email3@gmail.com
c0004,John 4,4 street,1-206-555-0004,email4@gmail.com
c0005,John 5,5 street,1-206-555-0005,email5@gmail.com
c0006,John 6,6 street,1-206-555-0006,email6@gmail.com
c0007,John 7,7 street,1-206-555-0007,email7@gmail.com
c0008,John 8,8 street,1-206-555-0008,email8@gmail.com
c0009,John 9,9 street,1-206-555-0009,email9@gmail.com
c0010,John 10,10 street,1-206-555-0010,email10@gmail.com
c0011,John 11,11 street,1-206-555-0011,email11@gmail.com
c0012,John 12,12 street,1-206-555-0012,email12@gmail.com
c0013,John 13,13 street,1-206-555-0013,email13@gmail.com
c0014,John 14,14 street,1-206-555-0014,email14@gmail.com
c0015,John 15,15 street,1-206-555-0015,email15@gmail.com
c0016,John 16,16 street,1-206-555-0016,email16@gmail.com
c0017,John 17,17 street,1-206-555-0017,email17@gmail.com
c0018,John 18,18 street,1-206-555-0018,email18@gmail.com
c0019,John 19,19 street,1-206-555-0019,email19@gmail.com
c0020,John 20,20 street,1-206-555-0020,email20@gmail.com
c0021,John 21,21 street,1-206-555-0021,email21@gmail.com
c0022,John 22,22 street,1-206-555-0022,email22@gmail.com
c0023,John 23,23 street,1-206-555-0023,email23@gmail.com
c0024,John 24,24 street,1-206-555-0024,email24@gmail.com
c0025,John 25,25 street,1-206-555-0025,email25@gmail.com
c0026,John 26,26 street,1-206-555-0026,email26@gmail.com
c0027,John 27,27 street,1-206-555-0027,email27@gmail.com
c0028,John 28,28 street,1-206-555-0028,email28@gmail.com
c0029,John 29,29 street,1-206-555-0029,email29@gmail.com
c0030,John 30,30 street,1-206-555-0030,email30@gmail.com
c0031,John 31,31 street,1-206-555-0031,email31@gmail.com
c0032,John 32,32 street,1-206-555-0032,email32@gmail.com
c0033,John 33,33 street,1-206-555-0033,email33@gmail.com
c0034,John 34,34 street,1-206-555-0034,email34@gmail.com
c0035,John 35,35 street,1-206-555-0035,email35@gmail.com
c0036,John 36,36 street,1-206-555-0036,email36@gmail.com
c0037,John 37,37 street,1-206-555-0037,email37@gmail.com
c0038,John 38,38 street,1-206-555-0038,email38@gmail.com
c0039,John 39,39 street,1-206-555-0039,email39@gmail.com
c0040,John 40,40 street,1-206-555-0040,email40@gmail.com
c0041,John 41,41 street,1-206-555-0041,email41@gmail.com
c0042,John 42,42 street,1-206-555-0042,email42@gmail.com
c0043,John 43,43 street,1-206-555-0043,email43@gmail.com
c0044,John 44,44 street,1-206-555-0044,email44@gmail.com
c0045,John 45,45 street,1-206-555-0045,email45@gmail.com
c0046,John 46,46 street,1-206-555-0046,email46@gmail.com
c0047,John 47,47 street,1-206-555-0047,email47@gmail.com
c0048,John 48,48 street,1-206-555-0048,email48@gmail.com
c0049,John 49,49 street,1-206-555-0049,email49@gmail.com
c0050,John 50,50 street,1-206-555-0050,email50@gmail.com
c0051,John 51,51 street,1-206-555-0051,email51@gmail.com
c0052,John 52,52 street,1-206-555-0052,email52@gmail.com
c0053,John 53,53 street,1-206-555-0053,email53@gmail.com
c0054,John 54,54 street,1-206-555-0054,email54@gmail.com
c0055,John 55,55 street,1-206-555-0055,email55@gmail.com
c0056,John 56,56 street,1-206-555-0056,email56@gmail.com
c0057,John 57,57 street,1-206-555-0057,email57@gmail.com
c0058,John 58,58 street,1-206-555-0058,email58@gmail.com
c0059,John 59,59 street,1-206-555-0059,email59@gmail.com
c0060,John 60,60 street,1-206-555-0060,email60@gmail.com
c0061,John 61,61 street,1-206-555-0061,email61@gmail.com
c0062,John 62,62 street,1-206-555-0062,email62@gmail.com
c0063,John 63,63 street,1-206-555-0063,email63@gmail.com
c0064,John 64,64 street,1-206-555-0064,email64@gmail.com
c0065,John 65,65 street,1-206-555-0065,email65@gmail.com
c0066,John 66,66 street,1-206-555-0066,email66@gmail.com
c0067,John 67,67 street,1-206-555-0067,email67@gmail.com
c0068,John 68,68 street,1-206-555-0068,email68@gmail.com
c0069,John 69,69 street,1-206-555-0069,email69@gmail.com
c0070,John 70,70 street,1-206-555-0070,email70@gmail.com
c0071,John 71,71 street,1-206-555-0071,email71@gmail.com
c0072,John 72,72 street,1-206-555-0072,email72@gmail.com
c0073,John 73,73 street,1-206-555-0073,email73@gmail.com
c0074,John 74,74 street,1-206-555-0074,email74@gmail.com
c0075,John 75,75 street,1-206-555-0075,email75@gmail.com
c0076,John 76,76 street,1-206-555-0076,email76@gmail.com
c0077,John 77,77 street,1-206-555-0077,email77@gmail.com
c0078,John 78,78 street,1-206-555-0078,email78@gmail.com
c0079,John 79,79 street,1-206-555-0079,email79@gmail.com
c0080,John 80,80 street,1-206-555-0080,email80@gmail.com
c0081,John 81,81 street,1-206-555-0081,email81@gmail.com
c0082,John 82,82 street,1-206-555-0082,email82@gmail.com
c0083,John 83,83 street,1-206-555-0083,email83@gmail.com
c0084,John 84,84 street,1-206-555-0084,email84@gmail.com
c0085,John 85,85 street,1-206-555-0085,email85@gmail.com
c0086,John 86,86 street,1-206-555-0086,email86@gmail.com
c0087,John 87,87 street,1-206-555-0087,email87@gmail.com
c0088,John 88,88 street,1-206-555-0088,email88@gmail.com
c0089,John 89,89 street,1-206-555-0089,email89@gmail.com
c0090,John 90,90 street,1-206-555-0090,email90@gmail.com
c0091,John 91,91 street,1-206-555-0091,email91@gmail.com
c0092,John 92,92 street,1-206-555-0092,email92@gmail.com
c0093,John 93,93 street,1-206-555-0093,email93@gmail.com
c0094,John 94,94 street,1-206-555-0094,email94@gmail.com
c0095,John 95,95 street,1-206-555-0095,email95@gmail.com
c0096,John 96,96 street,1-206-555-0096,email96@gmail.com
c0097,John 97,97 street,1-206-555-0097,email97@gmail.com
c0098,John 98,98 street,1-206-555-0098,email98@gmail.com
c0099,John 99,99 street,1-206-555-0099,email99@gmail.com
c0100,John 100,100 street,1-206-555-0100,email100@gmail.com
c0101,John 101,101 street,1-206-555-0101,email101@gmail.com
c0102,John 102,102 street,1-206-555-0102,email102@gmail.com
c0103,John 103,103 street,1-206-555-0103,email103@gmail.com
c0104,John 104,104 street,1-206-555-0104,email104@gmail.com
c0105,John 105,105 street,1-206-555-0105,email105@gmail.com
c0106,John 106,106 street,1-206-555-0106,email106@gmail.com
c0107,John 107,107 street,1-206-555-0107,email107@gmail.com
c0108,John 108,108 street,1-206-555-0108,email108@gmail.com
c0109,John 109,109 street,1-206-555-0109,email109@gmail.com
c0110,John 110,110 street,1-206-555-0110,email110@gmail.com
c0111,John 111,111 street,1-206-555-0111,email111@gmail.com
c0112,John 112,112 street,1-206-555-0112,email112@gmail.com
c0113,John 113,113 street,1-206-555-0113,email113@gmail.com
c0114,John 114,114 street,1-206-555-0114,email114@gmail.com
c0115,John 115,115 street,1-206-555-0115,email115@gmail.com
c0116,John 116,116 street,1-206-555-0116,email116@gmail.com
c0117,John 117,117 street,1-206-555-0117,email117@gmail.com
c0118,John 118,118 street,1-206-555-0118,email118@gmail.com
c0119,John 119,119 street,1-206-555-0119,email119@gmail.com
c0120,John 120,120 street,1-206-555-0120,email120@gmail.com
c0121,John 121,121 street,1-206-555-0121,email121@gmail.com
c0122,John 122,122 street,1-206-555-0122,email122@gmail.com
c0123,John 123,123 street,1-206-555-0123,email123@gmail.com
c0124,John 124,124 street,1-206-555-0124,email124@gmail.com
c0125,John 125,125 street,1-206-555-0125,email125@gmail.com
c0126,John 126,126 street,1-206-555-0126,email126@gmail.com
c0127,John 127,127 street,1-206-555-0127,email127@gmail.com
c0128,John 128,128 street,1-206-555-0128,email128@gmail.com
c0129,John 129,129 street,1-206-555-0129,email129@gmail.com
c0130,John 130,130 street,1-206-555-0130,email130@gmail.com
c0131,John 131,131 street,1-206-555-0131,email131@gmail.com
c0132,John 132,132 street,1-206-555-0132,email132@gmail.com
c0133,John 133,133 street,1-206-555-0133,email133@gmail.com
c0134,John 134,134 street,1-206-555-0134,email134@gmail.com
c0135,John 135,135 street,1-206-555-0135,email135@gmail.com
c0136,John 136,136 street,1-206-555-0136,email136@gmail.com
c0137,John 137,137 street,1-206-555-0137,email137@gmail.com
c0138,John 138,138 street,1-206-555-0138,email138@gmail.com
c0139,John 139,139 street,1-206-555-0139,email139@gmail.com
c0140,John 140,140 street,1-206-555-0140,email140@gmail.com
c0141,John 141,141 street,1-206-555-0141,email141@gmail.com
c0142,John 142,142 street,1-206-555-0142,email142@gmail.com
c0143,John 143,143 street,1-206-555-0143,email143@gmail.com
c0144,John 144,144 street,1-206-555-0144,email144@gmail.com
c0145,John 145,145 street,1-206-555-0145,email145@gmail.com
c0146,John 146,146 street,1-206-555-0146,email146@gmail.com
c0147,John 147,147 street,1-206-555-0147,email147@gmail.com
c0148,John 148,148 street,1-206-555-0148,email148@gmail.com
c0149,John 149,149 street,1-206-555-0149,email149@gmail.com
c0150,John 150,150 street,1-206-555-0150,email150@gmail.com
c0151,John 151,151 street,1-206-555-0151,email151@gmail.com
c0152,John 152,152 street,1-206-555-0152,email152@gmail.com
c0153,John 153,153 street,1-206-555-0153,email153@gmail.com
c0154,John 154,154 street,1-206-555-0154,email154@gmail.com
c0155,John 155,155 street,1-206-555-0155,email155@gmail.com
c0156,John 156,156 street,1-206-555-0156,email156@gmail.com
c0157,John 157,157 street,1-206-555-0157,email157@gmail.com
c0158,John 158,158 street,1-206-555-0158,email158@gmail.com
c0159,John 159,159 street,1-206-555-0159,email159@gmail.com
c0160,John 160,160 street,1-206-555-0160,email160@gmail.com
c0161,John 161,161 street,1-206-555-0161,email161@gmail.com
c0162,John 162,162 street,1-206-555-0162,email162@gmail.com
c0163,John 163,163 street,1-206-555-0163,email163@gmail.com
c0164,John 164,164 street,1-206-555-0164,email164@gmail.com
c0165,John 165,165 street,1-206-555-0165,email165@gmail.com
c0166,John 166,166 street,1-206-555-0166,email166@gmail.com
c0167,John 167,167 street,1-206-555-0167,email167@gmail.com
c0168,John 168,168 street,1-206-555-0168,email168@gmail.com
c0169,John 169,169 street,1-206-555-0169,email169@gmail.com
c0170,John 170,170 street,1-206-555-0170,email170@gmail.com
c0171,John 171,171 street,1-206-555-0171,email171@gmail.com
c0172,John 172,172 street,1-206-555-0172,email172@gmail.com
c0173,John 173,173 street,1-206-555-0173,email173@gmail.com
c0174,John 174,174 street,1-206-555-0174,email174@gmail.com
c0175,John 175,175 street,1-206-555-0175,email175@gmail.com
c0176,John 176,176 street,1-206-555-0176,email176@gmail.com
c0177,John 177,177 street,1-206-555-0177,email177@gmail.com
c0178,John 178,178 street,1-206-555-0178,email178@gmail.com
c0179,John 179,179 street,1-206-555-0179,email179@gmail.com
c0180,John 180,180 street,1-206-555-0180,email180@gmail.com
c0181,John 181,181 street,1-206-555-0181,email181@gmail.com
c0182,John 182,182 street,1-206-555-0182,email182@gmail.com
c0183,John 183,183 street,1-206-555-0183,email183@gmail.com
c0184,John 184,184 street,1-206-555-0184,email184@gmail.com
c0185,John 185,185 street,1-206-555-0185,email185@gmail.com
c0186,John 186,186 street,1-206-555-0186,email186@gmail.com
c0187,John 187,187 street,1-206-555-0187,email187@gmail.com
c0188,John 188,188 street,1-206-555-0188,email188@gmail.com
c0189,John 189,189 street,1-206-555-0189,email189@gmail.com
c0190,John 190,190 street,1-206-555-0190,email190@gmail.com
c0191,John 191,191 street,1-206-555-0191,email191@gmail.com
c0192,John 192,192 street,1-206-555-0192,email192@gmail.com
c0193,John 193,193 street,1-206-555-0193,email193@gmail.com
c0194,John 194,194 street,1-206-555-0194,email194@gmail.com
c0195,John 195,195 street,1-206-555-0195,email195@gmail.com
c0196,John 196,196 street,1-206-555-0196,email196@gmail.com
c0197,John 197,197 street,1-206-555-0197,email197@gmail.com
c0198,John 198,198 street,1-206-555-0198,email198@gmail.com
c0199,John 199,199 street,1-206-555-0199,email199@gmail.com
c0200,John 200,200 street,1-206-555-0200,email200@gmail.com
c0201,John 201,201 street,1-206-555-0201,email201@gmail.com
c0202,John 202,202 street,1-206-555-0202,email202@gmail.com
c0203,John 203,203 street,1-206-555-0203,email203@gmail.com
c0204,John 204,204 street,1-206-555-0204,email204@gmail.com
c0205,John 205,205 street,1-206-555-0205,email205@gmail.com
c0206,John 206,206 street,1-206-555-0206,email206@gmail.com
c0207,John 207,207 street,1-206-555-0207,email207@gmail.com
c0208,John 208,208 street,1-206-555-0208,email208@gmail.com
c0209,John 209,209 street,1-206-555-0209,email209@gmail.com
c0210,John 210,210 street,1-206-555-0210,email210@gmail.com
c0211,John 211,211 street,1-206-555-0211,email211@gmail.com
c0212,John 212,212 street,1-206-555-0212,email212@gmail.com
c0213,John 213,213 street,1-206-555-0213,email213@gmail.com
c0214,John 214,214 street,1-206-555-0214,email214@gmail.com
c0215,John 215,215 street,1-206-555-0215,email215@gmail.com
c0216,John 216,216 street,1-206-555-0216,email216@gmail.com
c0217,John 217,217 street,1-206-555-0217,email217@gmail.com
c0218,John 218,218 street,1-206-555-0218,email218@gmail.com
c0219,John 219,219 street,1-206-555-0219,email219@gmail.com
c0220,John 220,220 street,1-206-555-0220,email220@gmail.com
c0221,John 221,221 street,1-206-555-0221,email221@gmail.com
c0222,John 222,222 street,1-206-555-0222,email222@gmail.com
c0223,John 223,223 street,1-206-555-0223,email223@gmail.com
c0224,John 224,224 street,1-206-555-0224,email224@gmail.com
c0225,John 225,225 street,1-206-555-0225,email225@gmail.com
c0226,John 226,226 street,1-206-555-0226,email226@gmail.com
c0227,John 227,227 street,1-206-555-0227,email227@gmail.com
c0228,John 228,228 street,1-206-555-0228,email228@gmail.com
c0229,John 229,229 street,1-206-555-0229,email229@gmail.com
c0230,John 230,230 street,1-206-555-0230,email230@gmail.com
c0231,John 231,231 street,1-206-555-0231,email231@gmail.com
c0232,John 232,232 street,1-206-555-0232,email232@gmail.com
c0233,John 233,233 street,1-206-555-0233,email233@gmail.com
c0234,John 234,234 street,1-206-555-0234,email234@gmail.com
c0235,John 235,235 street,1-206-555-0235,email235@gmail.com
c0236,John 236,236 street,1-206-555-0236,email236@gmail.com
c0237,John 237,237 street,1-206-555-0237,email237@gmail.com
c0238,John 238,238 street,1-206-555-0238,email238@gmail.com
c0239,John 239,239 street,1-206-555-0239,email239@gmail.com
c0240,John 240,240 street,1-206-555-0240,email240@gmail.com
c0241,John 241,241 street,1-206-555-0241,email241@gmail.com
c0242,John 242,242 street,1-206-555-0242,email242@gmail.com
c0243,John 243,243 street,1-206-555-0243,email243@gmail.com
c0244,John 244,244 street,1-206-555-0244,email244@gmail.com
c0245,John 245,245 street,1-206-555-0245,email245@gmail.com
c0246,John 246,246 street,1-206-555-0246,email246@gmail.com
c0247,John 247,247 street,1-206-555-0247,email247@gmail.com
c0248,John 248,248 street,1-206-555-0248,email248@gmail.com
c0249,John 249,249 street,1-206-555-0249,email249@gmail.com
c0250,John 250,250 street,1-206-555-0250,email250@gmail.com
c0251,John 251,251 street,1-206-555-0251,email251@gmail.com
c0252,John 252,252 street,1-206-555-0252,email252@gmail.com
c0253,John 253,253 street,1-206-555-0253,email253@gmail.com
c0254,John 254,254 street,1-206-555-0254,email254@gmail.com
c0255,John 255,255 street,1-206-555-0255,email255@gmail.com
c0256,John 256,256 street,1-206-555-0256,email256@gmail.com
c0257,John 257,257 street,1-206-555-0257,email257@gmail.com
c0258,John 258,258 street,1-206-555-0258,email258@gmail.com
c0259,John 259,259 street,1-206-555-0259,email259@gmail.com
c0260,John 260,260 street,1-206-555-0260,email260@gmail.com
c0261,John 261,261 street,1-206-555-0261,email261@gmail.com
c0262,John 262,262 street,1-206-555-0262,email262@gmail.com
c0263,John 263,263 street,1-206-555-0263,email263@gmail.com
c0264,John 264,264 street,1-206-555-0264,email264@gmail.com
c0265,John 265,265 street,1-206-555-0265,email265@gmail.com
c0266,John 266,266 street,1-206-555-0266,email266@gmail.com
c0267,John 267,267 street,1-206-555-0267,email267@gmail.com
c0268,John 268,268 street,1-206-555-0268,email268@gmail.com
c0269,John 269,269 street,1-206-555-0269,email269@gmail.com
c0270,John 270,270 street,1-206-555-0270,email270@gmail.com
c0271,John 271,271 street,1-206-555-0271,email271@gmail.com
c0272,John 272,272 street,1-206-555-0272,email272@gmail.com
c0273,John 273,273 street,1-206-555-0273,email273@gmail.com
c0274,John 274,274 street,1-206-555-0274,email274@gmail.com
c0275,John 275,275 street,1-206-555-0275,email275@gmail.com
c0276,John 276,276 street,1-206-555-0276,email276@gmail.com
c0277,John 277,277 street,1-206-555-0277,email277@gmail.com
c0278,John 278,278 street,1-206-555-0278,email278@gmail.com
c0279,John 279,279 street,1-206-555-0279,email279@gmail.com
c0280,John 280,280 street,1-206-555-0280,email280@gmail.com
c0281,John 281,281 street,1-206-555-0281,email281@gmail.com
c0282,John 282,282 street,1-206-555-0282,email282@gmail.com
c0283,John 283,283 street,1-206-555-0283,email283@gmail.com
c0284,John 284,284 street,1-206-555-0284,email284@gmail.com
c0285,John 285,285 street,1-206-555-0285,email285@gmail.com
c0286,John 286,286 street,1-206-555-0286,email286@gmail.com
c0287,John 287,287 street,1-206-555-0287,email287@gmail.com
c0288,John 288,288 street,1-206-555-0288,email288@gmail.com
c0289,John 289,289 street,1-206-555-0289,email289@gmail.com
c0290,John 290,290 street,1-206-555-0290,email290@gmail.com
c0291,John 291,291 street,1-206-555-0291,email291@gmail.com
c0292,John 292,292 street,1-206-555-0292,email292@gmail.com
c0293,John 293,293 street,1-206-555-0293,email293@gmail.com
c0294,John 294,294 street,1-206-555-0294,email294@gmail.com
c0295,John 295,295 street,1-206-555-0295,email295@gmail.com
c0296,John 296,296 street,1-206-555-0296,email296@gmail.com
c0297,John 297,297 street,1-206-555-0297,email297@gmail.com
c0298,John 298,298 street,1-206-555-0298,email298@gmail.com
c0299,John 299,299 street,1-206-555-0299,email299@gmail.com
c0300,John 300,300 street,1-206-555-0300,email300@gmail.com
c0301,John 301,301 street,1-206-555-0301,email301@gmail.com
c0302,John 302,302 street,1-206-555-0302,email302@gmail.com
c0303,John 303,303 street,1-206-555-0303,email303@gmail.com
c0304,John 304,304 street,1-206-555-0304,email304@gmail.com
c0305,John 305,305 street,1-206-555-0305,email305@gmail.com
c0306,John 306,306 street,1-206-555-0306,email306@gmail.com
c0307,John 307,307 street,1-206-555-0307,email307@gmail.com
c0308,John 308,308 street,1-206-555-0308,email308@gmail.com
c0309,John 309,309 street,1-206-555-0309,email309@gmail.com
c0310,John 310,310 street,1-206-555-0310,email310@gmail.com
c0311,John 311,311 street,1-206-555-0311,email311@gmail.com
c0312,John 312,312 street,1-206-555-0312,email312@gmail.com
c0313,John 313,313 street,1-206-555-0313,email313@gmail.com
c0314,John 314,314 street,1-206-555-0314,email314@gmail.com
c0315,John 315,315 street,1-206-555-0315,email315@gmail.com
c0316,John 316,316 street,1-206-555-0316,email316@gmail.com
c0317,John 317,317 street,1-206-555-0317,email317@gmail.com
c0318,John 318,318 street,1-206-555-0318,email318@gmail.com
c0319,John 319,319 street,1-206-555-0319,email319@gmail.com
c0320,John 320,320 street,1-206-555-0320,email320@gmail.com
c0321,John 321,321 street,1-206-555-0321,email321@gmail.com
c0322,John 322,322 street,1-206-555-0322,email322@gmail.com
c0323,John 323,323 street,1-206-555-0323,email323@gmail.com
c0324,John 324,324 street,1-206-555-0324,email324@gmail.com
c0325,John 325,325 street,1-206-555-0325,email325@gmail.com
c0326,John 326,326 street,1-206-555-0326,email326@gmail.com
c0327,John 327,327 street,1-206-555-0327,email327@gmail.com
c0328,John 328,328 street,1-206-555-0328,email328@gmail.com
c0329,John 329,329 street,1-206-555-0329,email329@gmail.com
c0330,John 330,330 street,1-206-555-0330,email330@gmail.com
c0331,John 331,331 street,1-206-555-0331,email331@gmail.com
c0332,John 332,332 street,1-206-555-0332,email332@gmail.com
c0333,John 333,333 street,1-206-555-0333,email333@gmail.com
c0334,John 334,334 street,1-206-555-0334,email334@gmail.com
c0335,John 335,335 street,1-206-555-0335,email335@gmail.com
c0336,John 336,336 street,1-206-555-0336,email336@gmail.com
c0337,John 337,337 street,1-206-555-0337,email337@gmail.com
c0338,John 338,338 street,1-206-555-0338,email338@gmail.com
c0339,John 339,339 street,1-206-555-0339,email339@gmail.com
c0340,John 340,340 street,1-206-555-0340,email340@gmail.com
c0341,John 341,341 street,1-206-555-0341,email341@gmail.com
c0342,John 342,342 street,1-206-555-0342,email342@gmail.com
c0343,John 343,343 street,1-206-555-0343,email343@gmail.com
c0344,John 344,344 street,1-206-555-0344,email344@gmail.com
c0345,John 345,345 street,1-206-555-0345,email345@gmail.com
c0346,John 346,346 street,1-206-555-0346,email346@gmail.com
c0347,John 347,347 street,1-206-555-0347,email347@gmail.com
c0348,John 348,348 street,1-206-555-0348,email348@gmail.com
c0349,John 349,349 street,1-206-555-0349,email349@gmail.com
c0350,John 350,350 street,1-206-555-0350,email350@gmail.com
c0351,John 351,351 street,1-206-555-0351,email351@gmail.com
c0352,John 352,352 street,1-206-555-0352,email352@gmail.com
c0353,John 353,353 street,1-206-555-0353,email353@gmail.com
c0354,John 354,354 street,1-206-555-0354,email354@gmail.com
c0355,John 355,355 street,1-206-555-0355,email355@gmail.com
c0356,John 356,356 street,1-206-555-0356,email356@gmail.com
c0357,John 357,357 street,1-206-555-0357,email357@gmail.com
c0358,John 358,358 street,1-206-555-0358,email358@gmail.com
c0359,John 359,359 street,1-206-555-0359,email359@gmail.com
c0360,John 360,360 street,1-206-555-0360,email360@gmail.com
c0361,John 361,361 street,1-206-555-0361,email361@gmail.com
c0362,John 362,362 street,1-206-555-0362,email362@gmail.com
c0363,John 363,363 street,1-206-555-0363,email363@gmail.com
c0364,John 364,364 street,1-206-555-0364,email364@gmail.com
c0365,John 365,365 street,1-206-555-0365,email365@gmail.com
c0366,John 366,366 street,1-206-555-0366,email366@gmail.com
c0367,John 367,367 street,1-206-555-0367,email367@gmail.com
c0368,John 368,368 street,1-206-555-0368,email368@gmail.com
c0369,John 369,369 street,1-206-555-0369,email369@gmail.com
c0370,John 370,370 street,1-206-555-0370,email370@gmail.com
c0371,John 371,371 street,1-206-555-0371,email371@gmail.com
c0372,John 372,372 street,1-206-555-0372,email372@gmail.com
c0373,John 373,373 street,1-206-555-0373,email373@gmail.com
c0374,John 374,374 street,1-206-555-0374,email374@gmail.com
c0375,John 375,375 street,1-206-555-0375,email375@gmail.com
c0376,John 376,376 street,1-206-555-0376,email376@gmail.com
c0377,John 377,377 street,1-206-555-0377,email377@gmail.com
c0378,John 378,378 street,1-206-555-0378,email378@gmail.com
c0379,John 379,379 street,1-206-555-0379,email379@gmail.com
c0380,John 380,380 street,1-206-555-0380,email380@gmail.com
c0381,John 381,381 street,1-206-555-0381,email381@gmail.com
c0382,John 382,382 street,1-206-555-0382,email382@gmail.com
c0383,John 383,383 street,1-206-555-0383,email383@gmail.com
c0384,John 384,384 street,1-206-555-0384,email384@gmail.com
c0385,John 385,385 street,1-206-555-0385,email385@gmail.com
c0386,John 386,386 street,1-206-555-0386,email386@gmail.com
c0387,John 387,387 street,1-206-555-0387,email387@gmail.com
c0388,John 388,388 street,1-206-555-0388,email388@gmail.com
c0389,John 389,389 street,1-206-555-0389,email389@gmail.com
c0390,John 390,390 street,1-206-555-0390,email390@gmail.com
c0391,John 391,391 street,1-206-555-0391,email391@gmail.com
c0392,John 392,392 street,1-206-555-0392,email392@gmail.com
c0393,John 393,393 street,1-206-555-0393,email393@gmail.com
c0394,John 394,394 street,1-206-555-0394,email394@gmail.com
c0395,John 395,395 street,1-206-555-0395,email395@gmail.com
c0396,John 396,396 street,1-206-555-0396,email396@gmail.com
c0397,John 397,397 street,1-206-555-0397,email397@gmail.com
c0398,John 398,398 street,1-206-555-0398,email398@gmail.com
c0399,John 399,399 street,1-206-555-0399,email399@gmail.com
c0400,John 400,400 street,1-206-555-0400,email400@gmail.com
c0401,John 401,401 street,1-206-555-0401,email401@gmail.com
c0402,John 402,402 street,1-206-555-0402,email402@gmail.com
c0403,John 403,403 street,1-206-555-0403,email403@gmail.com
c0404,John 404,404 street,1-206-555-0404,email404@gmail.com
c0405,John 405,405 street,1-206-555-0405,email405@gmail.com
c0406,John 406,406 street,1-206-555-0406,email406@gmail.com
c0407,John 407,407 street,1-206-555-0407,email407@gmail.com
c0408,John 408,408 street,1-206-555-0408,email408@gmail.com
c0409,John 409,409 street,1-206-555-0409,email409@gmail.com
c0410,John 410,410 street,1-206-555-0410,email410@gmail.com
c0411,John 411,411 street,1-206-555-0411,email411@gmail.com
c0412,John 412,412 street,1-206-555-0412,email412@gmail.com
c0413,John 413,413 street,1-206-555-0413,email413@gmail.com
c0414,John 414,414 street,1-206-555-0414,email414@gmail.com
c0415,John 415,415 street,1-206-555-0415,email415@gmail.com
c0416,John 416,416 street,1-206-555-0416,email416@gmail.com
c0417,John 417,417 street,1-206-555-0417,email417@gmail.com
c0418,John 418,418 street,1-206-555-0418,email418@gmail.com
c0419,John 419,419 street,1-206-555-0419,email419@gmail.com
c0420,John 420,420 street,1-206-555-0420,email420@gmail.com
c0421,John 421,421 street,1-206-555-0421,email421@gmail.com
c0422,John 422,422 street,1-206-555-0422,email422@gmail.com
c0423,John 423,423 street,1-206-555-0423,email423@gmail.com
c0424,John 424,424 street,1-206-555-0424,email424@gmail.com
c0425,John 425,425 street,1-206-555-0425,email425@gmail.com
c0426,John 426,426 street,1-206-555-0426,email426@gmail.com
c0427,John 427,427 street,1-206-555-0427,email427@gmail.com
c0428,John 428,428 street,1-206-555-0428,email428@gmail.com
c0429,John 429,429 street,1-206-555-0429,email429@gmail.com
c0430,John 430,430 street,1-206-555-0430,email430@gmail.com
c0431,John 431,431 street,1-206-555-0431,email431@gmail.com
c0432,John 432,432 street,1-206-555-0432,email432@gmail.com
c0433,John 433,433 street,1-206-555-0433,email433@gmail.com
c0434,John 434,434 street,1-206-555-0434,email434@gmail.com
c0435,John 435,435 street,1-206-555-0435,email435@gmail.com
c0436,John 436,436 street,1-206-555-0436,email436@gmail.com
c0437,John 437,437 street,1-206-555-0437,email437@gmail.com
c0438,John 438,438 street,1-206-555-0438,email438@gmail.com
c0439,John 439,439 street,1-206-555-0439,email439@gmail.com
c0440,John 440,440 street,1-206-555-0440,email440@gmail.com
c0441,John 441,441 street,1-206-555-0441,email441@gmail.com
c0442,John 442,442 street,1-206-555-0442,email442@gmail.com
c0443,John 443,443 street,1-206-555-0443,email443@gmail.com
c0444,John 444,444 street,1-206-555-0444,email444@gmail.com
c0445,John 445,445 street,1-206-555-0445,email445@gmail.com
c0446,John 446,446 street,1-206-555-0446,email446@gmail.com
c0447,John 447,447 street,1-206-555-0447,email447@gmail.com
c0448,John 448,448 street,1-206-555-0448,email448@gmail.com
c0449,John 449,449 street,1-206-555-0449,email449@gmail.com
c0450,John 450,450 street,1-206-555-0450,email450@gmail.com
c0451,John 451,451 street,1-206-555-0451,email451@gmail.com
c0452,John 452,452 street,1-206-555-0452,email452@gmail.com
c0453,John 453,453 street,1-206-555-0453,email453@gmail.com
c0454,John 454,454 street,1-206-555-0454,email454@gmail.com
c0455,John 455,455 street,1-206-555-0455,email455@gmail.com
c0456,John 456,456 street,1-206-555-0456,email456@gmail.com
c0457,John 457,457 street,1-206-555-0457,email457@gmail.com
c0458,John 458,458 street,1-206-555-0458,email458@gmail.com
c0459,John 459,459 street,1-206-555-0459,email459@gmail.com
c0460,John 460,460 street,1-206-555-0460,email460@gmail.com
c0461,John 461,461 street,1-206-555-0461,email461@gmail.com
c0462,John 462,462 street,1-206-555-0462,email462@gmail.com
c0463,John 463,463 street,1-206-555-0463,email463@gmail.com
c0464,John 464,464 street,1-206-555-0464,email464@gmail.com
c0465,John 465,465 street,1-206-555-0465,email465@gmail.com
c0466,John 466,466 street,1-206-555-0466,email466@gmail.com
c0467,John 467,467 street,1-206-555-0467,email467@gmail.com
c0468,John 468,468 street,1-206-555-0468,email468@gmail.com
c0469,John 469,469 street,1-206-555-0469,email469@gmail.com
c0470,John 470,470 street,1-206-555-0470,email470@gmail.com
c0471,John 471,471 street,1-206-555-0471,email471@gmail.com
c0472,John 472,472 street,1-206-555-0472,email472@gmail.com
c0473,John 473,473 street,1-206-555-0473,email473@gmail.com
c0474,John 474,474 street,1-206-555-0474,email474@gmail.com
c0475,John 475,475 street,1-206-555-0475,email475@gmail.com
c0476,John 476,476 street,1-206-555-0476,email476@gmail.com
c0477,John 477,477 street,1-206-555-0477,email477@gmail.com
c0478,John 478,478 street,1-206-555-0478,email478@gmail.com
c0479,John 479,479 street,1-206-555-0479,email479@gmail.com
c0480,John 480,480 street,1-206-555-0480,email480@gmail.com
c0481,John 481,481 street,1-206-555-0481,email481@gmail.com
c0482,John 482,482 street,1-206-555-0482,email482@gmail.com
c0483,John 483,483 street,1-206-555-0483,email483@gmail.com
c0484,John 484,484 street,1-206-555-0484,email484@gmail.com
c0485,John 485,485 street,1-206-555-0485,email485@gmail.com
c0486,John 486,486 street,1-206-555-0486,email486@gmail.com
c0487,John 487,487 street,1-206-555-0487,email487@gmail.com
c0488,John 488,488 street,1-206-555-0488,email488@gmail.com
c0489,John 489,489 street,1-206-555-0489,email489@gmail.com
c0490,John 490,490 street,1-206-555-0490,email490@gmail.com
c0491,John 491,491 street,1-206-555-0491,email491@gmail.com
c0492,John 492,492 street,1-206-555-0492,email492@gmail.com
c0493,John 493,493 street,1-206-555-0493,email493@gmail.com
c0494,John 494,494 street,1-206-555-0494,email494@gmail.com
c0495,John 495,495 street,1-206-555-0495,email495@gmail.com
c0496,John 496,496 street,1-206-555-0496,email496@gmail.com
c0497,John 497,497 street,1-206-555-0497,email497@gmail.com
c0498,John 498,498 street,1-206-555-0498,email498@gmail.com
c0499,John 499,499 street,1-206-555-0499,email499@gmail.com
c0500,John 500,500 street,1-206-555-0500,email500@gmail.com
c0501,John 501,501 street,1-206-555-0501,email501@gmail.com
c0502,John 502,502 street,1-206-555-0502,email502@gmail.com
c0503,John 503,503 street,1-206-555-0503,email503@gmail.com
c0504,John 504,504 street,1-206-555-0504,email504@gmail.com
c0505,John 505,505 street,1-206-555-0505,email505@gmail.com
c0506,John 506,506 street,1-206-555-0506,email506@gmail.com
c0507,John 507,507 street,1-206-555-0507,email507@gmail.com
c0508,John 508,508 street,1-206-555-0508,email508@gmail.com
c0509,John 509,509 street,1-206-555-0509,email509@gmail.com
c0510,John 510,510 street,1-206-555-0510,email510@gmail.com
c0511,John 511,511 street,1-206-555-0511,email511@gmail.com
c0512,John 512,512 street,1-206-555-0512,email512@gmail.com
c0513,John 513,513 street,1-206-555-0513,email513@gmail.com
c0514,John 514,514 street,1-206-555-0514,email514@gmail.com
c0515,John 515,515 street,1-206-555-0515,email515@gmail.com
c0516,John 516,516 street,1-206-555-0516,email516@gmail.com
c0517,John 517,517 street,1-206-555-0517,email517@gmail.com
c0518,John 518,518 street,1-206-555-0518,email518@gmail.com
c0519,John 519,519 street,1-206-555-0519,email519@gmail.com
c0520,John 520,520 street,1-206-555-0520,email520@gmail.com
c0521,John 521,521 street,1-206-555-0521,email521@gmail.com
c0522,John 522,522 street,1-206-555-0522,email522@gmail.com
c0523,John 523,523 street,1-206-555-0523,email523@gmail.com
c0524,John 524,524 street,1-206-555-0524,email524@gmail.com
c0525,John 525,525 street,1-206-555-0525,email525@gmail.com
c0526,John 526,526 street,1-206-555-0526,email526@gmail.com
c0527,John 527,527 street,1-206-555-0527,email527@gmail.com
c0528,John 528,528 street,1-206-555-0528,email528@gmail.com
c0529,John 529,529 street,1-206-555-0529,email529@gmail.com
c0530,John 530,530 street,1-206-555-0530,email530@gmail.com
c0531,John 531,531 street,1-206-555-0531,email531@gmail.com
c0532,John 532,532 street,1-206-555-0532,email532@gmail.com
c0533,John 533,533 street,1-206-555-0533,email533@gmail.com
c0534,John 534,534 street,1-206-555-0534,email534@gmail.com
c0535,John 535,535 street,1-206-555-0535,email535@gmail.com
c0536,John 536,536 street,1-206-555-0536,email536@gmail.com
c0537,John 537,537 street,1-206-555-0537,email537@gmail.com
c0538,John 538,538 street,1-206-555-0538,email538@gmail.com
c0539,John 539,539 street,1-206-555-0539,email539@gmail.com
c0540,John 540,540 street,1-206-555-0540,email540@gmail.com
c0541,John 541,541 street,1-206-555-0541,email541@gmail.com
c0542,John 542,542 street,1-206-555-0542,email542@gmail.com
c0543,John 543,543 street,1-206-555-0543,email543@gmail.com
c0544,John 544,544 street,1-206-555-0544,email544@gmail.com
c0545,John 545,545 street,1-206-555-0545,email545@gmail.com
c0546,John 546,546 street,1-206-555-0546,email546@gmail.com
c0547,John 547,547 street,1-206-555-0547,email547@gmail.com
c0548,John 548,548 street,1-206-555-0548,email548@gmail.com
c0549,John 549,549 street,1-206-555-0549,email549@gmail.com
c0550,John 550,550 street,1-206-555-0550,email550@gmail.com
c0551,John 551,551 street,1-206-555-0551,email551@gmail.com
c0552,John 552,552 street,1-206-555-0552,email552@gmail.com
c0553,John 553,553 street,1-206-555-0553,email553@gmail.com
c0554,John 554,554 street,1-206-555-0554,email554@gmail.com
c0555,John 555,555 street,1-206-555-0555,email555@gmail.com
c0556,John 556,556 street,1-206-555-0556,email556@gmail.com
c0557,John 557,557 street,1-206-555-0557,email557@gmail.com
c0558,John 558,558 street,1-206-555-0558,email558@gmail.com
c0559,John 559,559 street,1-206-555-0559,email559@gmail.com
c0560,John 560,560 street,1-206-555-0560,email560@gmail.com
c0561,John 561,561 street,1-206-555-0561,email561@gmail.com
c0562,John 562,562 street,1-206-555-0562,email562@gmail.com
c0563,John 563,563 street,1-206-555-0563,email563@gmail.com
c0564,John 564,564 street,1-206-555-0564,email564@gmail.com
c0565,John 565,565 street,1-206-555-0565,email565@gmail.com
c0566,John 566,566 street,1-206-555-0566,email566@gmail.com
c0567,John 567,567 street,1-206-555-0567,email567@gmail.com
c0568,John 568,568 street,1-206-555-0568,email568@gmail.com
c0569,John 569,569 street,1-206-555-0569,email569@gmail.com
c0570,John 570,570 street,1-206-555-0570,email570@gmail.com
c0571,John 571,571 street,1-206-555-0571,email571@gmail.com
c0572,John 572,572 street,1-206-555-0572,email572@gmail.com
c0573,John 573,573 street,1-206-555-0573,email573@gmail.com
c0574,John 574,574 street,1-206-555-0574,email574@gmail.com
c0575,John 575,575 street,1-206-555-0575,email575@gmail.com
c0576,John 576,576 street,1-206-555-0576,email576@gmail.com
c0577,John 577,577 street,1-206-555-0577,email577@gmail.com
c0578,John 578,578 street,1-206-555-0578,email578@gmail.com
c0579,John 579,579 street,1-206-555-0579,email579@gmail.com
c0580,John 580,580 street,1-206-555-0580,email580@gmail.com
c0581,John 581,581 street,1-206-555-0581,email581@gmail.com
c0582,John 582,582 street,1-206-555-0582,email582@gmail.com
c0583,John 583,583 street,1-206-555-0583,email583@gmail.com
c0584,John 584,584 street,1-206-555-0584,email584@gmail.com
c0585,John 585,585 street,1-206-555-0585,email585@gmail.com
c0586,John 586,586 street,1-206-555-0586,email586@gmail.com
c0587,John 587,587 street,1-206-555-0587,email587@gmail.com
c0588,John 588,588 street,1-206-555-0588,email588@gmail.com
c0589,John 589,589 street,1-206-555-0589,email589@gmail.com
c0590,John 590,590 street,1-206-555-0590,email590@gmail.com
c0591,John 591,591 street,1-206-555-0591,email591@gmail.com
c0592,John 592,592 street,1-206-555-0592,email592@gmail.com
c0593,John 593,593 street,1-206-555-0593,email593@gmail.com
c0594,John 594,594 street,1-206-555-0594,email594@gmail.com
c0595,John 595,595 street,1-206-555-0595,email595@gmail.com
c0596,John 596,596 street,1-206-555-0596,email596@gmail.com
c0597,John 597,597 street,1-206-555-0597,email597@gmail.com
c0598,John 598,598 street,1-206-555-0598,email598@gmail.com
c0599,John 599,599 street,1-206-555-0599,email599@gmail.com
c0600,John 600,600 street,1-206-555-0600,email600@gmail.com
c0601,John 601,601 street,1-206-555-0601,email601@gmail.com
c0602,John 602,602 street,1-206-555-0602,email602@gmail.com
c0603,John 603,603 street,1-206-555-0603,email603@gmail.com
c0604,John 604,604 street,1-206-555-0604,email604@gmail.com
c0605,John 605,605 street,1-206-555-0605,email605@gmail.com
c0606,John 606,606 street,1-206-555-0606,email606@gmail.com
c0607,John 607,607 street,1-206-555-0607,email607@gmail.com
c0608,John 608,608 street,1-206-555-0608,email608@gmail.com
c0609,John 609,609 street,1-206-555-0609,email609@gmail.com
c0610,John 610,610 street,1-206-555-0610,email610@gmail.com
c0611,John 611,611 street,1-206-555-0611,email611@gmail.com
c0612,John 612,612 street,1-206-555-0612,email612@gmail.com
c0613,John 613,613 street,1-206-555-0613,email613@gmail.com
c0614,John 614,614 street,1-206-555-0614,email614@gmail.com
c0615,John 615,615 street,1-206-555-0615,email615@gmail.com
c0616,John 616,616 street,1-206-555-0616,email616@gmail.com
c0617,John 617,617 street,1-206-555-0617,email617@gmail.com
c0618,John 618,618 street,1-206-555-0618,email618@gmail.com
c0619,John 619,619 street,1-206-555-0619,email619@gmail.com
c0620,John 620,620 street,1-206-555-0620,email620@gmail.com
c0621,John 621,621 street,1-206-555-0621,email621@gmail.com
c0622,John 622,622 street,1-206-555-0622,email622@gmail.com
c0623,John 623,623 street,1-206-555-0623,email623@gmail.com
c0624,John 624,624 street,1-206-555-0624,email624@gmail.com
c0625,John 625,625 street,1-206-555-0625,email625@gmail.com
c0626,John 626,626 street,1-206-555-0626,email626@gmail.com
c0627,John 627,627 street,1-206-555-0627,email627@gmail.com
c0628,John 628,628 street,1-206-555-0628,email628@gmail.com
c0629,John 629,629 street,1-206-555-0629,email629@gmail.com
c0630,John 630,630 street,1-206-555-0630,email630@gmail.com
c0631,John 631,631 street,1-206-555-0631,email631@gmail.com
c0632,John 632,632 street,1-206-555-0632,email632@gmail.com
c0633,John 633,633 street,1-206-555-0633,email633@gmail.com
c0634,John 634,634 street,1-206-555-0634,email634@gmail.com
c0635,John 635,635 street,1-206-555-0635,email635@gmail.com
c0636,John 636,636 street,1-206-555-0636,email636@gmail.com
c0637,John 637,637 street,1-206-555-0637,email637@gmail.com
c0638,John 638,638 street,1-206-555-0638,email638@gmail.com
c0639,John 639,639 street,1-206-555-0639,email639@gmail.com
c0640,John 640,640 street,1-206-555-0640,email640@gmail.com
c0641,John 641,641 street,1-206-555-0641,email641@gmail.com
c0642,John 642,642 street,1-206-555-0642,email642@gmail.com
c0643,John 643,643 street,1-206-555-0643,email643@gmail.com
c0644,John 644,644 street,1-206-555-0644,email644@gmail.com
c0645,John 645,645 street,1-206-555-0645,email645@gmail.com
c0646,John 646,646 street,1-206-555-0646,email646@gmail.com
c0647,John 647,647 street,1-206-555-0647,email647@gmail.com
c0648,John 648,648 street,1-206-555-0648,email648@gmail.com
c0649,John 649,649 street,1-206-555-0649,email649@gmail.com
c0650,John 650,650 street,1-206-555-0650,email650@gmail.com
c0651,John 651,651 street,1-206-555-0651,email651@gmail.com
c0652,John 652,652 street,1-206-555-0652,email652@gmail.com
c0653,John 653,653 street,1-206-555-0653,email653@gmail.com
c0654,John 654,654 street,1-206-555-0654,email654@gmail.com
c0655,John 655,655 street,1-206-555-0655,email655@gmail.com
c0656,John 656,656 street,1-206-555-0656,email656@gmail.com
c0657,John 657,657 street,1-206-555-0657,email657@gmail.com
c0658,John 658,658 street,1-206-555-0658,email658@gmail.com
c0659,John 659,659 street,1-206-555-0659,email659@gmail.com
c0660,John 660,660 street,1-206-555-0660,email660@gmail.com
c0661,John 661,661 street,1-206-555-0661,email661@gmail.com
c0662,John 662,662 street,1-206-555-0662,email662@gmail.com
c0663,John 663,663 street,1-206-555-0663,email663@gmail.com
c0664,John 664,664 street,1-206-555-0664,email664@gmail.com
c0665,John 665,665 street,1-206-555-0665,email665@gmail.com
c0666,John 666,666 street,1-206-555-0666,email666@gmail.com
c0667,John 667,667 street,1-206-555-0667,email667@gmail.com
c0668,John 668,668 street,1-206-555-0668,email668@gmail.com
c0669,John 669,669 street,1-206-555-0669,email669@gmail.com
c0670,John 670,670 street,1-206-555-0670,email670@gmail.com
c0671,John 671,671 street,1-206-555-0671,email671@gmail.com
c0672,John 672,672 street,1-206-555-0672,email672@gmail.com
c0673,John 673,673 street,1-206-555-0673,email673@gmail.com
c0674,John 674,674 street,1-206-555-0674,email674@gmail.com
c0675,John 675,675 street,1-206-555-0675,email675@gmail.com
c0676,John 676,676 street,1-206-555-0676,email676@gmail.com
c0677,John 677,677 street,1-206-555-0677,email677@gmail.com
c0678,John 678,678 street,1-206-555-0678,email678@gmail.com
c0679,John 679,679 street,1-206-555-0679,email679@gmail.com
c0680,John 680,680 street,1-206-555-0680,email680@gmail.com
c0681,John 681,681 street,1-206-555-0681,email681@gmail.com
c0682,John 682,682 street,1-206-555-0682,email682@gmail.com
c0683,John 683,683 street,1-206-555-0683,email683@gmail.com
c0684,John 684,684 street,1-206-555-0684,email684@gmail.com
c0685,John 685,685 street,1-206-555-0685,email685@gmail.com
c0686,John 686,686 street,1-206-555-0686,email686@gmail.com
c0687,John 687,687 street,1-206-555-0687,email687@gmail.com
c0688,John 688,688 street,1-206-555-0688,email688@gmail.com
c0689,John 689,689 street,1-206-555-0689,email689@gmail.com
c0690,John 690,690 street,1-206-555-0690,email690@gmail.com
c0691,John 691,691 street,1-206-555-0691,email691@gmail.com
c0692,John 692,692 street,1-206-555-0692,email692@gmail.com
c0693,John 693,693 street,1-206-555-0693,email693@gmail.com
c0694,John 694,694 street,1-206-555-0694,email694@gmail.com
c0695,John 695,695 street,1-206-555-0695,email695@gmail.com
c0696,John 696,696 street,1-206-555-0696,email696@gmail.com
c0697,John 697,697 street,1-206-555-0697,email697@gmail.com
c0698,John 698,698 street,1-206-555-0698,email698@gmail.com
c0699,John 699,699 street,1-206-555-0699,email699@gmail.com
c0700,John 700,700 street,1-206-555-0700,email700@gmail.com
c0701,John 701,701 street,1-206-555-0701,email701@gmail.com
c0702,John 702,702 street,1-206-555-0702,email702@gmail.com
c0703,John 703,703 street,1-206-555-0703,email703@gmail.com
c0704,John 704,704 street,1-206-555-0704,email704@gmail.com
c0705,John 705,705 street,1-206-555-0705,email705@gmail.com
c0706,John 706,706 street,1-206-555-0706,email706@gmail.com
c0707,John 707,707 street,1-206-555-0707,email707@gmail.com
c0708,John 708,708 street,1-206-555-0708,email708@gmail.com
c0709,John 709,709 street,1-206-555-0709,email709@gmail.com
c0710,John 710,710 street,1-206-555-0710,email710@gmail.com
c0711,John 711,711 street,1-206-555-0711,email711@gmail.com
c0712,John 712,712 street,1-206-555-0712,email712@gmail.com
c0713,John 713,713 street,1-206-555-0713,email713@gmail.com
c0714,John 714,714 street,1-206-555-0714,email714@gmail.com
c0715,John 715,715 street,1-206-555-0715,email715@gmail.com
c0716,John 716,716 street,1-206-555-0716,email716@gmail.com
c0717,John 717,717 street,1-206-555-0717,email717@gmail.com
c0718,John 718,718 street,1-206-555-0718,email718@gmail.com
c0719,John 719,719 street,1-206-555-0719,email719@gmail.com
c0720,John 720,720 street,1-206-555-0720,email720@gmail.com
c0721,John 721,721 street,1-206-555-0721,email721@gmail.com
c0722,John 722,722 street,1-206-555-0722,email722@gmail.com
c0723,John 723,723 street,1-206-555-0723,email723@gmail.com
c0724,John 724,724 street,1-206-555-0724,email724@gmail.com
c0725,John 725,725 street,1-206-555-0725,email725@gmail.com
c0726,John 726,726 street,1-206-555-0726,email726@gmail.com
c0727,John 727,727 street,1-206-555-0727,email727@gmail.com
c0728,John 728,728 street,1-206-555-0728,email728@gmail.com
c0729,John 729,729 street,1-206-555-0729,email729@gmail.com
c0730,John 730,730 street,1-206-555-0730,email730@gmail.com
c0731,John 731,731 street,1-206-555-0731,email731@gmail.com
c0732,John 732,732 street,1-206-555-0732,email732@gmail.com
c0733,John 733,733 street,1-206-555-0733,email733@gmail.com
c0734,John 734,734 street,1-206-555-0734,email734@gmail.com
c0735,John 735,735 street,1-206-555-0735,email735@gmail.com
c0736,John 736,736 street,1-206-555-0736,email736@gmail.com
c0737,John 737,737 street,1-206-555-0737,email737@gmail.com
c0738,John 738,738 street,1-206-555-0738,email738@gmail.com
c0739,John 739,739 street,1-206-555-0739,email739@gmail.com
c0740,John 740,740 street,1-206-555-0740,email740@gmail.com
c0741,John 741,741 street,1-206-555-0741,email741@gmail.com
c0742,John 742,742 street,1-206-555-0742,email742@gmail.com
c0743,John 743,743 street,1-206-555-0743,email743@gmail.com
c0744,John 744,744 street,1-206-555-0744,email744@gmail.com
c0745,John 745,745 street,1-206-555-0745,email745@gmail.com
c0746,John 746,746 street,1-206-555-0746,email746@gmail.com
c0747,John 747,747 street,1-206-555-0747,email747@gmail.com
c0748,John 748,748 street,1-206-555-0748,email748@gmail.com
c0749,John 749,749 street,1-206-555-0749,email749@gmail.com
c0750,John 750,750 street,1-206-555-0750,email750@gmail.com
c0751,John 751,751 street,1-206-555-0751,email751@gmail.com
c0752,John 752,752 street,1-206-555-0752,email752@gmail.com
c0753,John 753,753 street,1-206-555-0753,email753@gmail.com
c0754,John 754,754 street,1-206-555-0754,email754@gmail.com
c0755,John 755,755 street,1-206-555-0755,email755@gmail.com
c0756,John 756,756 street,1-206-555-0756,email756@gmail.com
c0757,John 757,757 street,1-206-555-0757,email757@gmail.com
c0758,John 758,758 street,1-206-555-0758,email758@gmail.com
c0759,John 759,759 street,1-206-555-0759,email759@gmail.com
c0760,John 760,760 street,1-206-555-0760,email760@gmail.com
c0761,John 761,761 street,1-206-555-0761,email761@gmail.com
c0762,John 762,762 street,1-206-555-0762,email762@gmail.com
c0763,John 763,763 street,1-206-555-0763,email763@gmail.com
c0764,John 764,764 street,1-206-555-0764,email764@gmail.com
c0765,John 765,765 street,1-206-555-0765,email765@gmail.com
c0766,John 766,766 street,1-206-555-0766,email766@gmail.com
c0767,John 767,767 street,1-206-555-0767,email767@gmail.com
c0768,John 768,768 street,1-206-555-0768,email768@gmail.com
c0769,John 769,769 street,1-206-555-0769,email769@gmail.com
c0770,John 770,770 street,1-206-555-0770,email770@gmail.com
c0771,John 771,771 street,1-206-555-0771,email771@gmail.com
c0772,John 772,772 street,1-206-555-0772,email772@gmail.com
c0773,John 773,773 street,1-206-555-0773,email773@gmail.com
c0774,John 774,774 street,1-206-555-0774,email774@gmail.com
c0775,John 775,775 street,1-206-555-0775,email775@gmail.com
c0776,John 776,776 street,1-206-555-0776,email776@gmail.com
c0777,John 777,777 street,1-206-555-0777,email777@gmail.com
c0778,John 778,778 street,1-206-555-0778,email778@gmail.com
c0779,John 779,779 street,1-206-555-0779,email779@gmail.com
c0780,John 780,780 street,1-206-555-0780,email780@gmail.com
c0781,John 781,781 street,1-206-555-0781,email781@gmail.com
c0782,John 782,782 street,1-206-555-0782,email782@gmail.com
c0783,John 783,783 street,1-206-555-0783,email783@gmail.com
c0784,John 784,784 street,1-206-555-0784,email784@gmail.com
c0785,John 785,785 street,1-206-555-0785,email785@gmail.com
c0786,John 786,786 street,1-206-555-0786,email786@gmail.com
c0787,John 787,787 street,1-206-555-0787,email787@gmail.com
c0788,John 788,788 street,1-206-555-0788,email788@gmail.com
c0789,John 789,789 street,1-206-555-0789,email789@gmail.com
c0790,John 790,790 street,1-206-555-0790,email790@gmail.com
c0791,John 791,791 street,1-206-555-0791,email791@gmail.com
c0792,John 792,792 street,1-206-555-0792,email792@gmail.com
c0793,John 793,793 street,1-206-555-0793,email793@gmail.com
c0794,John 794,794 street,1-206-555-0794,email794@gmail.com
c0795,John 795,795 street,1-206-555-0795,email795@gmail.com
c0796,John 796,796 street,1-206-555-0796,email796@gmail.com
c0797,John 797,797 street,1-206-555-0797,email797@gmail.com
c0798,John 798,798 street,1-206-555-0798,email798@gmail.com
c0799,John 799,799 street,1-206-555-0799,email799@gmail.com
c0800,John 800,800 street,1-206-555-0800,email800@gmail.com
c0801,John 801,801 street,1-206-555-0801,email801@gmail.com
c0802,John 802,802 street,1-206-555-0802,email802@gmail.com
c0803,John 803,803 street,1-206-555-0803,email803@gmail.com
c0804,John 804,804 street,1-206-555-0804,email804@gmail.com
c0805,John 805,805 street,1-206-555-0805,email805@gmail.com
c0806,John 806,806 street,1-206-555-0806,email806@gmail.com
c0807,John 807,807 street,1-206-555-0807,email807@gmail.com
c0808,John 808,808 street,1-206-555-0808,email808@gmail.com
c0809,John 809,809 street,1-206-555-0809,email809@gmail.com
c0810,John 810,810 street,1-206-555-0810,email810@gmail.com
c0811,John 811,811 street,1-206-555-0811,email811@gmail.com
c0812,John 812,812 street,1-206-555-0812,email812@gmail.com
c0813,John 813,813 street,1-206-555-0813,email813@gmail.com
c0814,John 814,814 street,1-206-555-0814,email814@gmail.com
c0815,John 815,815 street,1-206-555-0815,email815@gmail.com
c0816,John 816,816 street,1-206-555-0816,email816@gmail.com
c0817,John 817,817 street,1-206-555-0817,email817@gmail.com
c0818,John 818,818 street,1-206-555-0818,email818@gmail.com
c0819,John 819,819 street,1-206-555-0819,email819@gmail.com
c0820,John 820,820 street,1-206-555-0820,email820@gmail.com
c0821,John 821,821 street,1-206-555-0821,email821@gmail.com
c0822,John 822,822 street,1-206-555-0822,email822@gmail.com
c0823,John 823,823 street,1-206-555-0823,email823@gmail.com
c0824,John 824,824 street,1-206-555-0824,email824@gmail.com
c0825,John 825,825 street,1-206-555-0825,email825@gmail.com
c0826,John 826,826 street,1-206-555-0826,email826@gmail.com
c0827,John 827,827 street,1-206-555-0827,email827@gmail.com
c0828,John 828,828 street,1-206-555-0828,email828@gmail.com
c0829,John 829,829 street,1-206-555-0829,email829@gmail.com
c0830,John 830,830 street,1-206-555-0830,email830@gmail.com
c0831,John 831,831 street,1-206-555-0831,email831@gmail.com
c0832,John 832,832 street,1-206-555-0832,email832@gmail.com
c0833,John 833,833 street,1-206-555-0833,email833@gmail.com
c0834,John 834,834 street,1-206-555-0834,email834@gmail.com
c0835,John 835,835 street,1-206-555-0835,email835@gmail.com
c0836,John 836,836 street,1-206-555-0836,email836@gmail.com
c0837,John 837,837 street,1-206-555-0837,email837@gmail.com
c0838,John 838,838 street,1-206-555-0838,email838@gmail.com
c0839,John 839,839 street,1-206-555-0839,email839@gmail.com
c0840,John 840,840 street,1-206-555-0840,email840@gmail.com
c0841,John 841,841 street,1-206-555-0841,email841@gmail.com
c0842,John 842,842 street,1-206-555-0842,email842@gmail.com
c0843,John 843,843 street,1-206-555-0843,email843@gmail.com
c0844,John 844,844 street,1-206-555-0844,email844@gmail.com
c0845,John 845,845 street,1-206-555-0845,email845@gmail.com
c0846,John 846,846 street,1-206-555-0846,email846@gmail.com
c0847,John 847,847 street,1-206-555-0847,email847@gmail.com
c0848,John 848,848 street,1-206-555-0848,email848@gmail.com
c0849,John 849,849 street,1-206-555-0849,email849@gmail.com
c0850,John 850,850 street,1-206-555-0850,email850@gmail.com
c0851,John 851,851 street,1-206-555-0851,email851@gmail.com
c0852,John 852,852 street,1-206-555-0852,email852@gmail.com
c0853,John 853,853 street,1-206-555-0853,email853@gmail.com
c0854,John 854,854 street,1-206-555-0854,email854@gmail.com
c0855,John 855,855 street,1-206-555-0855,email855@gmail.com
c0856,John 856,856 street,1-206-555-0856,email856@gmail.com
c0857,John 857,857 street,1-206-555-0857,email857@gmail.com
c0858,John 858,858 street,1-206-555-0858,email858@gmail.com
c0859,John 859,859 street,1-206-555-0859,email859@gmail.com
c0860,John 860,860 street,1-206-555-0860,email860@gmail.com
c0861,John 861,861 street,1-206-555-0861,email861@gmail.com
c0862,John 862,862 street,1-206-555-0862,email862@gmail.com
c0863,John 863,863 street,1-206-555-0863,email863@gmail.com
c0864,John 864,864 street,1-206-555-0864,email864@gmail.com
c0865,John 865,865 street,1-206-555-0865,email865@gmail.com
c0866,John 866,866 street,1-206-555-0866,email866@gmail.com
c0867,John 867,867 street,1-206-555-0867,email867@gmail.com
c0868,John 868,868 street,1-206-555-0868,email868@gmail.com
c0869,John 869,869 street,1-206-555-0869,email869@gmail.com
c0870,John 870,870 street,1-206-555-0870,email870@gmail.com
c0871,John 871,871 street,1-206-555-0871,email871@gmail.com
c0872,John 872,872 street,1-206-555-0872,email872@gmail.com
c0873,John 873,873 street,1-206-555-0873,email873@gmail.com
c0874,John 874,874 street,1-206-555-0874,email874@gmail.com
c0875,John 875,875 street,1-206-555-0875,email875@gmail.com
c0876,John 876,876 street,1-206-555-0876,email876@gmail.com
c0877,John 877,877 street,1-206-555-0877,email877@gmail.com
c0878,John 878,878 street,1-206-555-0878,email878@gmail.com
c0879,John 879,879 street,1-206-555-0879,email879@gmail.com
c0880,John 880,880 street,1-206-555-0880,email880@gmail.com
c0881,John 881,881 street,1-206-555-0881,email881@gmail.com
c0882,John 882,882 street,1-206-555-0882,email882@gmail.com
c0883,John 883,883 street,1-206-555-0883,email883@gmail.com
c0884,John 884,884 street,1-206-555-0884,email884@gmail.com
c0885,John 885,885 street,1-206-555-0885,email885@gmail.com
c0886,John 886,886 street,1-206-555-0886,email886@gmail.com
c0887,John 887,887 street,1-206-555-0887,email887@gmail.com
c0888,John 888,888 street,1-206-555-0888,email888@gmail.com
c0889,John 889,889 street,1-206-555-0889,email889@gmail.com
c0890,John 890,890 street,1-206-555-0890,email890@gmail.com
c0891,John 891,891 street,1-206-555-0891,email891@gmail.com
c0892,John 892,892 street,1-206-555-0892,email892@gmail.com
c0893,John 893,893 street,1-206-555-0893,email893@gmail.com
c0894,John 894,894 street,1-206-555-0894,email894@gmail.com
c0895,John 895,895 street,1-206-555-0895,email895@gmail.com
c0896,John 896,896 street,1-206-555-0896,email896@gmail.com
c0897,John 897,897 street,1-206-555-0897,email897@gmail.com
c0898,John 898,898 street,1-206-555-0898,email898@gmail.com
c0899,John 899,899 street,1-206-555-0899,email899@gmail.com
c0900,John 900,900 street,1-206-555-0900,email900@gmail.com
c0901,John 901,901 street,1-206-555-0901,email901@gmail.com
c0902,John 902,902 street,1-206-555-0902,email902@gmail.com
c0903,John 903,903 street,1-206-555-0903,email903@gmail.com
c0904,John 904,904 street,1-206-555-0904,email904@gmail.com
c0905,John 905,905 street,1-206-555-0905,email905@gmail.com
c0906,John 906,906 street,1-206-555-0906,email906@gmail.com
c0907,John 907,907 street,1-206-555-0907,email907@gmail.com
c0908,John 908,908 street,1-206-555-0908,email908@gmail.com
c0909,John 909,909 street,1-206-555-0909,email909@gmail.com
c0910,John 910,910 street,1-206-555-0910,email910@gmail.com
c0911,John 911,911 street,1-206-555-0911,email911@gmail.com
c0912,John 912,912 street,1-206-555-0912,email912@gmail.com
c0913,John 913,913 street,1-206-555-0913,email913@gmail.com
c0914,John 914,914 street,1-206-555-0914,email914@gmail.com
c0915,John 915,915 street,1-206-555-0915,email915@gmail.com
c0916,John 916,916 street,1-206-555-0916,email916@gmail.com
c0917,John 917,917 street,1-206-555-0917,email917@gmail.com
c0918,John 918,918 street,1-206-555-0918,email918@gmail.com
c0919,John 919,919 street,1-206-555-0919,email919@gmail.com
c0920,John 920,920 street,1-206-555-0920,email920@gmail.com
c0921,John 921,921 street,1-206-555-0921,email921@gmail.com
c0922,John 922,922 street,1-206-555-0922,email922@gmail.com
c0923,John 923,923 street,1-206-555-0923,email923@gmail.com
c0924,John 924,924 street,1-206-555-0924,email924@gmail.com
c0925,John 925,925 street,1-206-555-0925,email925@gmail.com
c0926,John 926,926 street,1-206-555-0926,email926@gmail.com
c0927,John 927,927 street,1-206-555-0927,email927@gmail.com
c0928,John 928,928 street,1-206-555-0928,email928@gmail.com
c0929,John 929,929 street,1-206-555-0929,email929@gmail.com
c0930,John 930,930 street,1-206-555-0930,email930@gmail.com
c0931,John 931,931 street,1-206-555-0931,email931@gmail.com
c0932,John 932,932 street,1-206-555-0932,email932@gmail.com
c0933,John 933,933 street,1-206-555-0933,email933@gmail.com
c0934,John 934,934 street,1-206-555-0934,email934@gmail.com
c0935,John 935,935 street,1-206-555-0935,email935@gmail.com
c0936,John 936,936 street,1-206-555-0936,email936@gmail.com
c0937,John 937,937 street,1-206-555-0937,email937@gmail.com
c0938,John 938,938 street,1-206-555-0938,email938@gmail.com
c0939,John 939,939 street,1-206-555-0939,email939@gmail.com
c0940,John 940,940 street,1-206-555-0940,email940@gmail.com
c0941,John 941,941 street,1-206-555-0941,email941@gmail.com
c0942,John 942,942 street,1-206-555-0942,email942@gmail.com
c0943,John 943,943 street,1-206-555-0943,email943@gmail.com
c0944,John 944,944 street,1-206-555-0944,email944@gmail.com
c0945,John 945,945 street,1-206-555-0945,email945@gmail.com
c0946,John 946,946 street,1-206-555-0946,email946@gmail.com
c0947,John 947,947 street,1-206-555-0947,email947@gmail.com
c0948,John 948,948 street,1-206-555-0948,email948@gmail.com
c0949,John 949,949 street,1-206-555-0949,email949@gmail.com
c0950,John 950,950 street,1-206-555-0950,email950@gmail.com
c0951,John 951,951 street,1-206-555-0951,email951@gmail.com
c0952,John 952,952 street,1-206-555-0952,email952@gmail.com
c0953,John 953,953 street,1-206-555-0953,email953@gmail.com
c0954,John 954,954 street,1-206-555-0954,email954@gmail.com
c0955,John 955,955 street,1-206-555-0955,email955@gmail.com
c0956,John 956,956 street,1-206-555-0956,email956@gmail.com
c0957,John 957,957 street,1-206-555-0957,email957@gmail.com
c0958,John 958,958 street,1-206-555-0958,email958@gmail.com
c0959,John 959,959 street,1-206-555-0959,email959@gmail.com
c0960,John 960,960 street,1-206-555-0960,email960@gmail.com
c0961,John 961,961 street,1-206-555-0961,email961@gmail.com
c0962,John 962,962 street,1-206-555-0962,email962@gmail.com
c0963,John 963,963 street,1-206-555-0963,email963@gmail.com
c0964,John 964,964 street,1-206-555-0964,email964@gmail.com
c0965,John 965,965 street,1-206-555-0965,email965@gmail.com
c0966,John 966,966 street,1-206-555-0966,email966@gmail.com
c0967,John 967,967 street,1-206-555-0967,email967@gmail.com
c0968,John 968,968 street,1-206-555-0968,email968@gmail.com
c0969,John 969,969 street,1-206-555-0969,email969@gmail.com
c0970,John 970,970 street,1-206-555-0970,email970@gmail.com
c0971,John 971,971 street,1-206-555-0971,email971@gmail.com
c0972,John 972,972 street,1-206-555-0972,email972@gmail.com
c0973,John 973,973 street,1-206-555-0973,email973@gmail.com
c0974,John 974,974 street,1-206-555-0974,email974@gmail.com
c0975,John 975,975 street,1-206-555-0975,email975@gmail.com
c0976,John 976,976 street,1-206-555-0976,email976@gmail.com
c0977,John 977,977 street,1-206-555-0977,email977@gmail.com
c0978,John 978,978 street,1-206-555-0978,email978@gmail.com
c0979,John 979,979 street,1-206-555-0979,email979@gmail.com
c0980,John 980,980 street,1-206-555-0980,email980@gmail.com
c0981,John 981,981 street,1-206-555-0981,email981@gmail.com
c0982,John 982,982 street,1-206-555-0982,email982@gmail.com
c0983,John 983,983 street,1-206-555-0983,email983@gmail.com
c0984,John 984,984 street,1-206-555-0984,email984@gmail.com
c0985,John 985,985 street,1-206-555-0985,email985@gmail.com
c0986,John 986,986 street,1-206-555-0986,email986@gmail.com
c0987,John 987,987 street,1-206-555-0987,email987@gmail.com
c0988,John 988,988 street,1-206-555-0988,email988@gmail.com
c0989,John 989,989 street,1-206-555-0989,email989@gmail.com
c0990,John 990,990 street,1-206-555-0990,email990@gmail.com
c0991,John 991,991 street,1-206-555-0991,email991@gmail.com
c0992,John 992,992 street,1-206-555-0992,email992@gmail.com
c0993,John 993,993 street,1-206-555-0993,email993@gmail.com
c0994,John 994,994 street,1-206-555-0994,email994@gmail.com
c0995,John 995,995 street,1-206-555-0995,email995@gmail.com
c0996,John 996,996 street,1-206-555-0996,email996@gmail.com
c0997,John 997,997 street,1-206-555-0997,email997@gmail.com
c0998,John 998,998 street,1-206-555-0998,email998@gmail.com
c0999,John 999,999 street,1-206-555-0999,email999@gmail.com
c1000,John 1000,1000 street,1-206-555-1000,email1000@gmail.com
