productid,userid,rental_start,rental_end,items_rented
prd00001,user00001,2006-05-24,2006-06-03,4
prd00002,user00002,1998-01-24,1998-05-15,2
prd00003,user00003,2011-01-10,2012-02-14,3
prd00004,user00004,2012-05-14,2012-06-19,4
prd00005,user00005,2013-07-16,2014-03-29,3
prd00006,user00006,1997-08-26,1998-09-07,2
prd00007,user00007,1996-09-30,1997-01-03,4
prd00008,user00008,2011-08-18,2011-09-16,3
prd00009,user00009,2004-09-04,2004-11-28,4
prd00010,user00010,1999-02-08,1999-08-30,4
prd00011,user00011,2018-06-23,2018-10-07,5
prd00012,user00012,2006-02-03,2006-08-13,2
prd00013,user00013,2013-08-26,2014-09-24,3
prd00014,user00014,1993-07-15,1994-08-07,5
prd00015,user00015,2017-03-29,2018-02-26,3
prd00016,user00016,2015-06-10,2015-12-06,5
prd00017,user00017,1992-07-15,1993-02-22,5
prd00018,user00018,2018-12-27,2019-09-27,5
prd00019,user00019,2011-11-04,2012-01-06,2
prd00020,user00020,2010-09-08,2010-11-15,2
prd00021,user00021,2011-12-05,2012-07-17,5
prd00022,user00022,2004-05-20,2004-09-03,4
prd00023,user00023,2016-06-29,2016-11-16,5
prd00024,user00024,1996-04-15,1996-10-26,3
prd00025,user00025,1991-04-01,1991-11-16,3
prd00026,user00026,2016-06-23,2017-06-27,5
prd00027,user00027,1993-01-02,1993-10-14,5
prd00028,user00028,2001-07-30,2002-08-21,4
prd00029,user00029,2012-03-25,2013-03-26,1
prd00030,user00030,2006-07-30,2007-07-31,1
prd00031,user00031,2000-02-10,2000-07-11,1
prd00032,user00032,2009-01-29,2009-10-06,3
prd00033,user00033,2003-12-21,2004-05-09,2
prd00034,user00034,1992-03-20,1993-01-07,3
prd00035,user00035,2012-07-16,2012-09-12,5
prd00036,user00036,2001-05-12,2001-08-07,2
prd00037,user00037,1992-03-04,1993-01-25,5
prd00038,user00038,1991-06-25,1991-07-10,4
prd00039,user00039,1996-11-12,1997-09-09,5
prd00040,user00040,2007-11-22,2008-10-13,2
prd00041,user00041,2008-04-27,2008-09-22,1
prd00042,user00042,2018-03-14,2018-06-10,5
prd00043,user00043,2015-05-07,2016-02-19,1
prd00044,user00044,2013-12-16,2014-05-07,1
prd00045,user00045,2011-07-26,2011-12-27,1
prd00046,user00046,1993-03-24,1993-05-13,3
prd00047,user00047,2001-05-11,2001-10-19,1
prd00048,user00048,2004-01-06,2004-11-12,5
prd00049,user00049,2004-11-30,2005-07-09,3
prd00050,user00050,2014-08-10,2015-02-17,2
prd00051,user00051,2019-03-25,2019-05-21,2
prd00052,user00052,1999-11-08,2000-09-25,3
prd00053,user00053,1991-11-13,1992-05-11,5
prd00054,user00054,2015-11-17,2015-12-14,3
prd00055,user00055,1992-07-22,1992-09-06,4
prd00056,user00056,2019-12-08,2020-05-28,3
prd00057,user00057,2000-07-02,2000-10-16,5
prd00058,user00058,2017-10-02,2018-02-14,4
prd00059,user00059,1998-06-26,1999-06-28,1
prd00060,user00060,1996-02-01,1996-08-20,5
prd00061,user00061,2005-09-25,2005-10-30,1
prd00062,user00062,1991-04-17,1991-12-20,4
prd00063,user00063,1996-06-04,1997-03-20,1
prd00064,user00064,1996-12-15,1997-08-13,1
prd00065,user00065,2006-01-20,2006-09-23,5
prd00066,user00066,1997-04-14,1998-02-27,4
prd00067,user00067,2005-11-01,2006-11-03,1
prd00068,user00068,1990-05-22,1990-06-13,2
prd00069,user00069,1990-08-14,1990-11-29,5
prd00070,user00070,1992-08-24,1993-07-14,5
prd00071,user00071,2009-11-29,2010-09-13,1
prd00072,user00072,2002-02-04,2003-01-30,1
prd00073,user00073,1992-06-24,1993-03-21,5
prd00074,user00074,1993-03-09,1994-02-11,5
prd00075,user00075,1994-12-31,1995-05-12,2
prd00076,user00076,1996-02-25,1996-12-23,5
prd00077,user00077,1991-02-07,1991-06-20,2
prd00078,user00078,2009-10-15,2010-10-01,3
prd00079,user00079,2004-06-18,2004-07-04,2
prd00080,user00080,1991-01-01,1991-02-12,3
prd00081,user00081,2002-06-09,2002-07-03,1
prd00082,user00082,2010-05-04,2010-08-05,2
prd00083,user00083,1996-08-17,1996-08-28,4
prd00084,user00084,2006-11-14,2007-03-26,1
prd00085,user00085,2015-04-16,2016-02-21,4
prd00086,user00086,1993-01-14,1994-01-02,5
prd00087,user00087,2016-04-04,2016-06-17,5
prd00088,user00088,2007-03-10,2007-12-13,1
prd00089,user00089,2003-02-19,2003-07-16,1
prd00090,user00090,1991-02-09,1992-03-03,3
prd00091,user00091,2008-12-13,2009-11-12,3
prd00092,user00092,1996-04-14,1996-08-05,4
prd00093,user00093,2010-01-30,2010-08-10,3
prd00094,user00094,1998-05-28,1999-06-13,4
prd00095,user00095,2000-02-21,2000-03-22,3
prd00096,user00096,2006-05-22,2006-08-30,3
prd00097,user00097,2015-03-01,2015-10-05,4
prd00098,user00098,2007-03-17,2007-11-02,4
prd00099,user00099,1995-05-29,1995-11-17,1
prd00100,user00100,1994-09-24,1995-02-05,1
prd00101,user00101,1997-12-19,1998-06-25,3
prd00102,user00102,2003-12-01,2004-09-25,1
prd00103,user00103,2019-04-05,2020-04-28,3
prd00104,user00104,2014-03-06,2015-01-26,1
prd00105,user00105,2019-05-18,2019-08-30,5
prd00106,user00106,2011-11-13,2012-10-10,4
prd00107,user00107,2000-07-08,2001-02-19,4
prd00108,user00108,1994-08-27,1994-12-03,4
prd00109,user00109,2000-01-03,2000-08-12,3
prd00110,user00110,2004-04-04,2004-10-11,5
prd00111,user00111,2010-10-12,2011-09-30,2
prd00112,user00112,2007-09-13,2008-06-10,5
prd00113,user00113,2013-05-12,2014-01-19,4
prd00114,user00114,1993-03-01,1993-07-10,5
prd00115,user00115,2015-09-29,2015-11-13,4
prd00116,user00116,2017-06-21,2018-01-06,5
prd00117,user00117,2002-06-09,2002-06-23,5
prd00118,user00118,2017-03-08,2017-05-26,2
prd00119,user00119,1990-12-24,1991-02-02,2
prd00120,user00120,1996-03-30,1996-06-18,4
prd00121,user00121,2019-01-27,2019-04-09,2
prd00122,user00122,2000-10-14,2001-08-02,3
prd00123,user00123,2000-11-02,2000-12-07,3
prd00124,user00124,2009-06-11,2009-08-19,3
prd00125,user00125,2011-10-17,2012-02-20,4
prd00126,user00126,2016-09-01,2017-05-05,3
prd00127,user00127,2004-09-01,2004-11-14,5
prd00128,user00128,2006-12-20,2007-07-29,4
prd00129,user00129,2003-06-05,2003-08-16,3
prd00130,user00130,1994-05-01,1994-10-16,2
prd00131,user00131,2012-01-23,2013-02-07,4
prd00132,user00132,2019-11-18,2020-11-07,4
prd00133,user00133,2010-02-01,2010-04-27,4
prd00134,user00134,2005-07-19,2005-11-30,4
prd00135,user00135,2014-01-09,2014-10-10,5
prd00136,user00136,2012-11-12,2013-12-03,1
prd00137,user00137,2018-03-22,2018-05-05,1
prd00138,user00138,1997-06-07,1997-11-19,4
prd00139,user00139,2007-03-22,2008-03-05,1
prd00140,user00140,1996-12-10,1997-10-03,5
prd00141,user00141,2013-01-31,2013-07-01,4
prd00142,user00142,1997-10-17,1998-03-22,3
prd00143,user00143,1993-05-14,1993-09-03,5
prd00144,user00144,2007-11-22,2008-05-27,4
prd00145,user00145,1993-03-20,1994-02-24,4
prd00146,user00146,2017-03-05,2017-11-25,2
prd00147,user00147,2006-02-14,2006-06-04,2
prd00148,user00148,2005-12-21,2006-04-27,3
prd00149,user00149,2017-08-24,2018-06-19,2
prd00150,user00150,2002-07-02,2003-02-12,1
prd00151,user00151,1994-08-24,1995-06-09,3
prd00152,user00152,2016-03-23,2016-12-20,2
prd00153,user00153,1995-03-16,1996-01-30,3
prd00154,user00154,2013-11-10,2014-04-26,5
prd00155,user00155,2012-01-31,2012-10-24,2
prd00156,user00156,2009-03-15,2010-02-09,1
prd00157,user00157,2018-07-01,2019-07-16,1
prd00158,user00158,2007-05-18,2007-08-31,3
prd00159,user00159,1991-10-08,1991-12-20,3
prd00160,user00160,1999-05-23,2000-01-05,3
prd00161,user00161,2007-05-06,2007-09-29,3
prd00162,user00162,1991-03-20,1992-04-06,5
prd00163,user00163,2008-05-13,2008-09-05,2
prd00164,user00164,2014-11-29,2015-12-04,4
prd00165,user00165,1994-02-22,1994-09-19,3
prd00166,user00166,2015-10-20,2016-09-03,2
prd00167,user00167,2002-08-04,2003-07-20,2
prd00168,user00168,2008-01-14,2008-10-28,5
prd00169,user00169,2010-10-15,2011-08-26,5
prd00170,user00170,1999-07-25,2000-04-17,1
prd00171,user00171,2014-01-12,2014-07-15,5
prd00172,user00172,2005-07-04,2005-12-23,1
prd00173,user00173,2012-05-08,2012-10-09,3
prd00174,user00174,2014-03-16,2014-09-01,5
prd00175,user00175,1997-06-03,1998-02-06,5
prd00176,user00176,2005-01-09,2005-07-08,2
prd00177,user00177,1992-08-05,1992-09-22,3
prd00178,user00178,2002-04-06,2003-05-11,3
prd00179,user00179,1998-07-21,1998-12-16,4
prd00180,user00180,1990-05-12,1991-01-17,3
prd00181,user00181,1991-12-27,1992-05-19,2
prd00182,user00182,1992-09-13,1993-04-07,1
prd00183,user00183,2016-07-12,2016-12-15,2
prd00184,user00184,1992-05-07,1992-08-30,5
prd00185,user00185,2014-08-29,2015-07-16,4
prd00186,user00186,1990-09-30,1991-09-26,5
prd00187,user00187,2004-10-21,2005-02-20,2
prd00188,user00188,1993-03-05,1993-05-01,4
prd00189,user00189,2014-04-18,2015-01-22,3
prd00190,user00190,1990-02-22,1990-10-07,1
prd00191,user00191,1997-11-16,1998-06-07,4
prd00192,user00192,2001-11-28,2002-01-26,4
prd00193,user00193,2013-05-29,2013-07-03,5
prd00194,user00194,1997-03-10,1997-06-27,3
prd00195,user00195,2012-07-15,2012-11-22,5
prd00196,user00196,1990-02-03,1990-11-08,1
prd00197,user00197,2016-06-18,2017-05-17,5
prd00198,user00198,2013-05-09,2013-05-24,1
prd00199,user00199,2007-03-02,2007-07-29,5
prd00200,user00200,2011-08-19,2012-07-26,2
prd00201,user00201,1997-07-28,1998-05-03,5
prd00202,user00202,2005-05-27,2005-10-08,5
prd00203,user00203,2017-05-25,2018-03-15,3
prd00204,user00204,2009-04-11,2009-10-27,4
prd00205,user00205,2006-11-10,2007-08-20,1
prd00206,user00206,1993-06-16,1994-06-17,5
prd00207,user00207,2008-07-28,2009-03-22,4
prd00208,user00208,2015-08-19,2016-09-13,4
prd00209,user00209,2017-08-14,2017-09-11,5
prd00210,user00210,2009-11-25,2010-03-21,5
prd00211,user00211,1993-05-24,1993-07-21,2
prd00212,user00212,2011-10-28,2012-07-15,3
prd00213,user00213,1998-04-24,1998-07-25,4
prd00214,user00214,2011-08-22,2011-11-17,1
prd00215,user00215,2017-01-14,2017-01-26,5
prd00216,user00216,1990-09-26,1991-10-27,1
prd00217,user00217,2000-07-29,2000-10-25,2
prd00218,user00218,1999-04-21,1999-12-01,5
prd00219,user00219,2004-08-02,2004-12-04,2
prd00220,user00220,1993-05-14,1994-03-04,2
prd00221,user00221,1993-04-20,1993-08-14,2
prd00222,user00222,2009-06-27,2009-11-19,4
prd00223,user00223,2019-01-29,2019-05-06,2
prd00224,user00224,2002-01-01,2002-05-05,5
prd00225,user00225,1992-11-11,1993-11-18,5
prd00226,user00226,2015-11-09,2016-02-11,5
prd00227,user00227,1994-03-08,1994-08-28,1
prd00228,user00228,1999-01-30,2000-02-02,4
prd00229,user00229,2016-10-12,2017-05-04,2
prd00230,user00230,2001-12-17,2002-09-10,3
prd00231,user00231,1994-01-23,1994-05-28,4
prd00232,user00232,1993-12-09,1994-10-14,2
prd00233,user00233,2013-04-09,2014-03-19,5
prd00234,user00234,2019-01-08,2019-05-18,3
prd00235,user00235,1995-07-23,1995-12-13,3
prd00236,user00236,2008-02-24,2009-02-18,4
prd00237,user00237,2016-08-15,2016-12-17,2
prd00238,user00238,2002-12-30,2003-06-10,2
prd00239,user00239,2000-12-28,2001-02-19,4
prd00240,user00240,2000-04-22,2001-03-16,2
prd00241,user00241,2009-02-28,2009-06-18,5
prd00242,user00242,2003-01-04,2003-11-22,5
prd00243,user00243,1995-09-06,1996-05-02,5
prd00244,user00244,1993-07-19,1993-10-02,2
prd00245,user00245,2006-06-28,2006-09-23,1
prd00246,user00246,2011-12-28,2012-08-24,3
prd00247,user00247,2002-05-11,2002-09-24,2
prd00248,user00248,2013-05-29,2014-03-12,3
prd00249,user00249,2017-01-24,2017-07-02,3
prd00250,user00250,2003-12-20,2004-06-13,5
prd00251,user00251,2000-04-01,2000-12-06,5
prd00252,user00252,1999-06-29,2000-03-23,2
prd00253,user00253,2009-06-18,2010-04-26,3
prd00254,user00254,2007-12-29,2008-10-26,2
prd00255,user00255,1992-07-08,1993-01-05,5
prd00256,user00256,2008-01-11,2008-05-25,2
prd00257,user00257,1998-02-13,1999-02-15,4
prd00258,user00258,1997-06-25,1997-07-24,5
prd00259,user00259,2009-01-15,2009-02-19,5
prd00260,user00260,1999-09-13,1999-10-06,5
prd00261,user00261,2000-06-29,2000-12-10,2
prd00262,user00262,2008-05-13,2008-10-26,5
prd00263,user00263,2013-08-08,2014-03-01,5
prd00264,user00264,1992-05-30,1993-03-28,3
prd00265,user00265,2014-10-01,2014-11-06,2
prd00266,user00266,1993-12-12,1994-01-10,3
prd00267,user00267,2014-09-16,2015-05-06,4
prd00268,user00268,2017-03-25,2017-04-30,1
prd00269,user00269,2007-09-06,2008-05-10,2
prd00270,user00270,2010-01-28,2010-05-09,5
prd00271,user00271,1995-04-10,1996-01-03,1
prd00272,user00272,2005-02-10,2005-06-02,5
prd00273,user00273,2013-10-12,2014-10-22,3
prd00274,user00274,1999-03-13,1999-04-04,4
prd00275,user00275,2001-06-20,2001-07-11,1
prd00276,user00276,2012-09-14,2013-07-06,3
prd00277,user00277,1998-02-25,1998-05-06,2
prd00278,user00278,2009-12-29,2010-09-22,5
prd00279,user00279,1996-11-19,1997-02-02,1
prd00280,user00280,2014-01-17,2014-12-26,1
prd00281,user00281,1997-07-11,1997-09-08,3
prd00282,user00282,2010-09-26,2010-12-18,4
prd00283,user00283,1992-10-02,1993-09-19,5
prd00284,user00284,2000-08-12,2001-06-30,5
prd00285,user00285,2009-04-07,2009-11-04,4
prd00286,user00286,2014-09-08,2015-04-16,4
prd00287,user00287,2002-07-18,2003-05-14,1
prd00288,user00288,2018-11-10,2019-12-06,1
prd00289,user00289,1997-10-07,1998-01-13,1
prd00290,user00290,2002-03-31,2003-03-01,2
prd00291,user00291,1994-06-23,1995-07-24,1
prd00292,user00292,2012-04-09,2012-07-17,2
prd00293,user00293,1999-03-21,1999-07-23,4
prd00294,user00294,2012-08-22,2012-11-06,1
prd00295,user00295,2012-05-22,2013-05-12,3
prd00296,user00296,2002-07-09,2003-05-15,2
prd00297,user00297,2011-11-24,2012-09-05,3
prd00298,user00298,2017-05-06,2018-01-05,4
prd00299,user00299,1992-08-25,1992-10-11,5
prd00300,user00300,2001-06-15,2002-04-27,1
prd00301,user00301,1990-08-13,1990-12-26,3
prd00302,user00302,2019-10-20,2020-07-09,3
prd00303,user00303,2002-06-14,2002-10-02,1
prd00304,user00304,1994-12-16,1995-07-12,1
prd00305,user00305,2014-07-12,2014-10-27,3
prd00306,user00306,1995-07-24,1996-01-04,3
prd00307,user00307,2006-07-02,2006-12-15,2
prd00308,user00308,1990-02-28,1990-09-15,1
prd00309,user00309,2003-11-20,2004-06-28,4
prd00310,user00310,2007-01-20,2007-08-11,1
prd00311,user00311,1999-05-24,2000-04-11,4
prd00312,user00312,2009-08-03,2009-12-05,2
prd00313,user00313,1996-05-14,1997-05-13,4
prd00314,user00314,2015-12-21,2016-10-26,4
prd00315,user00315,1995-04-03,1996-03-04,4
prd00316,user00316,2007-07-22,2007-11-18,1
prd00317,user00317,2001-06-02,2002-03-16,3
prd00318,user00318,2018-02-12,2018-11-12,4
prd00319,user00319,2001-03-17,2001-09-13,2
prd00320,user00320,1995-02-15,1995-08-20,1
prd00321,user00321,2000-12-02,2001-12-29,4
prd00322,user00322,2005-05-07,2005-10-31,4
prd00323,user00323,2010-03-05,2010-07-13,5
prd00324,user00324,2001-06-18,2002-05-17,2
prd00325,user00325,1997-02-04,1997-09-26,5
prd00326,user00326,1996-04-22,1996-06-26,2
prd00327,user00327,1999-06-25,2000-07-15,1
prd00328,user00328,2007-12-03,2008-07-21,1
prd00329,user00329,2011-11-26,2012-08-17,4
prd00330,user00330,1996-06-24,1997-06-08,2
prd00331,user00331,2017-05-27,2017-09-26,5
prd00332,user00332,2008-06-09,2009-04-06,4
prd00333,user00333,2001-10-24,2002-04-22,3
prd00334,user00334,2016-07-03,2016-08-15,3
prd00335,user00335,2012-08-25,2013-07-05,2
prd00336,user00336,1995-11-28,1996-04-27,4
prd00337,user00337,2008-04-28,2009-01-06,1
prd00338,user00338,1998-11-18,1999-03-24,2
prd00339,user00339,2000-03-09,2001-04-04,1
prd00340,user00340,2010-12-02,2011-12-03,2
prd00341,user00341,1998-01-05,1998-10-06,5
prd00342,user00342,2000-12-27,2001-02-19,2
prd00343,user00343,2002-03-09,2002-12-06,1
prd00344,user00344,2010-10-06,2011-08-26,1
prd00345,user00345,2006-10-18,2006-12-03,4
prd00346,user00346,2006-11-02,2007-10-22,1
prd00347,user00347,2012-04-12,2013-02-20,3
prd00348,user00348,2010-12-19,2011-06-25,4
prd00349,user00349,2010-10-01,2011-09-05,1
prd00350,user00350,2013-08-03,2014-03-12,5
prd00351,user00351,2009-02-24,2009-04-13,1
prd00352,user00352,2002-09-17,2003-03-19,2
prd00353,user00353,2016-12-12,2017-04-20,3
prd00354,user00354,2009-12-02,2010-11-02,3
prd00355,user00355,2013-01-10,2013-09-28,3
prd00356,user00356,2017-05-15,2017-07-14,1
prd00357,user00357,2004-06-19,2004-09-13,1
prd00358,user00358,1991-01-21,1991-02-13,2
prd00359,user00359,2016-06-27,2017-04-03,2
prd00360,user00360,2012-07-27,2012-11-01,5
prd00361,user00361,2014-01-24,2015-01-15,1
prd00362,user00362,2003-09-14,2004-01-10,4
prd00363,user00363,1996-05-26,1996-12-16,2
prd00364,user00364,2001-12-04,2002-06-12,5
prd00365,user00365,2016-04-22,2017-05-15,4
prd00366,user00366,1999-11-13,2000-06-15,2
prd00367,user00367,2009-06-07,2010-01-11,5
prd00368,user00368,1991-05-07,1992-04-24,2
prd00369,user00369,1994-08-23,1995-03-26,2
prd00370,user00370,1993-06-07,1994-05-14,4
prd00371,user00371,1991-01-28,1991-11-28,3
prd00372,user00372,1992-04-20,1993-05-19,2
prd00373,user00373,2018-02-19,2018-09-25,1
prd00374,user00374,2004-02-25,2005-03-25,5
prd00375,user00375,2013-07-21,2013-10-18,4
prd00376,user00376,2000-06-08,2001-06-14,3
prd00377,user00377,2012-03-01,2012-04-26,4
prd00378,user00378,2003-06-20,2003-11-08,2
prd00379,user00379,2013-09-06,2013-10-05,2
prd00380,user00380,1992-03-25,1992-10-26,4
prd00381,user00381,1999-01-06,1999-11-30,3
prd00382,user00382,2014-10-12,2015-05-25,3
prd00383,user00383,1991-03-20,1991-07-07,4
prd00384,user00384,1997-05-01,1997-12-01,5
prd00385,user00385,1997-06-08,1998-03-24,4
prd00386,user00386,1993-11-13,1994-12-04,4
prd00387,user00387,2014-04-01,2014-10-28,1
prd00388,user00388,2019-07-20,2020-05-11,4
prd00389,user00389,1996-06-26,1996-11-30,1
prd00390,user00390,2013-11-19,2014-01-01,2
prd00391,user00391,2004-02-17,2004-06-12,1
prd00392,user00392,2000-02-27,2000-07-27,4
prd00393,user00393,2014-03-20,2015-01-09,5
prd00394,user00394,2004-05-13,2005-05-19,1
prd00395,user00395,2002-01-26,2002-08-08,2
prd00396,user00396,2000-10-23,2001-04-16,2
prd00397,user00397,2011-06-14,2011-12-09,5
prd00398,user00398,2012-02-14,2012-06-29,2
prd00399,user00399,1999-08-22,2000-06-02,4
prd00400,user00400,2018-02-19,2018-07-09,4
prd00401,user00401,1995-08-18,1996-05-07,2
prd00402,user00402,2004-09-03,2005-03-14,3
prd00403,user00403,2017-01-06,2017-08-24,3
prd00404,user00404,2000-06-01,2001-05-03,3
prd00405,user00405,2007-08-25,2007-09-12,3
prd00406,user00406,1991-10-01,1992-03-06,5
prd00407,user00407,1993-06-25,1993-09-21,4
prd00408,user00408,2002-11-12,2003-12-04,1
prd00409,user00409,2009-01-10,2009-08-05,1
prd00410,user00410,2016-07-16,2016-12-16,2
prd00411,user00411,1990-04-09,1991-02-02,4
prd00412,user00412,2007-03-09,2008-01-29,1
prd00413,user00413,1997-12-21,1998-10-25,2
prd00414,user00414,2001-06-24,2002-06-15,5
prd00415,user00415,2013-07-21,2013-11-27,4
prd00416,user00416,1996-02-05,1997-02-05,5
prd00417,user00417,1993-05-02,1993-10-23,1
prd00418,user00418,2014-03-02,2014-12-22,2
prd00419,user00419,2008-04-18,2008-04-30,2
prd00420,user00420,1995-06-07,1995-12-20,2
prd00421,user00421,2000-08-24,2000-11-16,1
prd00422,user00422,2015-11-07,2016-02-05,1
prd00423,user00423,1992-10-24,1992-12-20,2
prd00424,user00424,2014-07-23,2015-03-19,4
prd00425,user00425,2009-07-01,2010-07-19,2
prd00426,user00426,1996-11-27,1997-10-19,3
prd00427,user00427,2009-05-24,2010-04-12,5
prd00428,user00428,2010-05-10,2010-06-28,4
prd00429,user00429,1997-02-26,1997-12-08,2
prd00430,user00430,2004-03-05,2004-09-08,2
prd00431,user00431,2011-04-06,2012-01-31,2
prd00432,user00432,2014-01-14,2015-01-02,4
prd00433,user00433,1990-04-22,1991-05-03,1
prd00434,user00434,1999-03-30,1999-12-08,3
prd00435,user00435,1994-09-21,1995-08-25,5
prd00436,user00436,2008-04-15,2009-03-18,2
prd00437,user00437,1991-08-05,1991-09-25,1
prd00438,user00438,2009-01-03,2009-08-21,3
prd00439,user00439,1997-09-14,1998-01-31,1
prd00440,user00440,2011-11-29,2012-07-24,5
prd00441,user00441,1998-02-26,1998-10-26,5
prd00442,user00442,2003-05-14,2003-09-24,1
prd00443,user00443,1994-07-24,1995-02-24,1
prd00444,user00444,2000-07-25,2001-06-07,5
prd00445,user00445,1994-02-27,1994-09-19,4
prd00446,user00446,2014-07-31,2014-08-28,4
prd00447,user00447,2018-09-13,2019-04-21,3
prd00448,user00448,1992-02-24,1993-02-10,4
prd00449,user00449,2013-04-15,2013-12-30,2
prd00450,user00450,2013-04-23,2014-02-14,4
prd00451,user00451,2017-11-25,2017-12-14,5
prd00452,user00452,1995-06-07,1996-02-17,1
prd00453,user00453,2000-11-18,2001-06-24,3
prd00454,user00454,2000-03-09,2001-02-14,5
prd00455,user00455,1998-11-16,1999-12-17,3
prd00456,user00456,1998-08-02,1998-08-24,1
prd00457,user00457,1991-01-09,1991-04-17,2
prd00458,user00458,2000-03-14,2000-12-22,3
prd00459,user00459,2004-05-25,2004-11-11,2
prd00460,user00460,1990-11-01,1991-04-24,3
prd00461,user00461,1993-05-10,1993-09-02,4
prd00462,user00462,1990-12-12,1992-01-10,3
prd00463,user00463,2005-03-20,2005-05-27,4
prd00464,user00464,2006-03-04,2006-08-09,5
prd00465,user00465,2004-03-18,2005-02-24,5
prd00466,user00466,1999-12-29,2000-11-17,4
prd00467,user00467,1999-07-25,2000-07-07,4
prd00468,user00468,2008-02-12,2008-07-16,2
prd00469,user00469,2014-09-01,2014-09-15,4
prd00470,user00470,2001-04-05,2001-08-12,2
prd00471,user00471,1998-01-15,1998-10-21,3
prd00472,user00472,2011-06-27,2012-04-14,1
prd00473,user00473,2000-08-19,2000-09-09,1
prd00474,user00474,1991-07-18,1991-10-04,1
prd00475,user00475,2016-05-02,2017-02-18,5
prd00476,user00476,1998-09-10,1999-05-14,1
prd00477,user00477,1999-07-14,2000-07-31,5
prd00478,user00478,2013-11-16,2014-07-26,1
prd00479,user00479,2019-09-05,2020-10-06,3
prd00480,user00480,2014-02-02,2015-02-07,5
prd00481,user00481,2008-03-14,2008-07-13,5
prd00482,user00482,2008-05-27,2008-10-06,1
prd00483,user00483,1993-12-12,1994-05-15,3
prd00484,user00484,1996-06-15,1996-07-22,3
prd00485,user00485,2005-01-25,2006-02-02,4
prd00486,user00486,2019-07-22,2020-03-16,5
prd00487,user00487,2019-10-07,2020-11-01,5
prd00488,user00488,1999-05-09,2000-01-28,3
prd00489,user00489,2015-04-17,2016-02-06,2
prd00490,user00490,1994-08-19,1995-05-11,3
prd00491,user00491,2017-08-18,2018-09-16,5
prd00492,user00492,1990-09-21,1990-12-07,3
prd00493,user00493,2011-04-30,2011-09-12,5
prd00494,user00494,1994-02-22,1994-03-07,3
prd00495,user00495,1995-07-20,1995-10-19,3
prd00496,user00496,2015-10-07,2016-02-29,4
prd00497,user00497,1997-01-25,1997-12-11,2
prd00498,user00498,2001-12-18,2002-05-12,1
prd00499,user00499,2018-11-30,2019-07-13,3
prd00500,user00500,2011-02-27,2011-07-26,4
prd00501,user00501,2006-06-05,2006-10-13,3
prd00502,user00502,2009-09-26,2010-06-13,2
prd00503,user00503,2017-10-05,2018-05-17,2
prd00504,user00504,2013-02-06,2013-03-02,4
prd00505,user00505,2003-02-16,2003-04-21,1
prd00506,user00506,2009-07-19,2010-03-15,1
prd00507,user00507,2010-11-26,2011-12-08,2
prd00508,user00508,2005-01-29,2005-08-29,3
prd00509,user00509,1999-12-20,2000-11-19,4
prd00510,user00510,2008-03-11,2008-12-11,2
prd00511,user00511,2001-02-28,2002-02-04,5
prd00512,user00512,1996-12-21,1997-12-15,2
prd00513,user00513,2004-06-30,2004-09-01,1
prd00514,user00514,2019-02-20,2019-06-03,5
prd00515,user00515,2005-06-01,2005-11-19,1
prd00516,user00516,1992-08-08,1993-06-15,3
prd00517,user00517,2015-03-26,2015-08-21,2
prd00518,user00518,2001-03-16,2002-04-16,5
prd00519,user00519,2006-04-28,2006-12-10,4
prd00520,user00520,2009-12-01,2010-07-17,5
prd00521,user00521,2009-01-04,2009-06-26,2
prd00522,user00522,1991-05-04,1992-05-22,5
prd00523,user00523,2016-02-28,2016-03-13,5
prd00524,user00524,1994-09-03,1995-02-21,2
prd00525,user00525,2007-01-16,2007-03-11,3
prd00526,user00526,1997-11-03,1998-01-30,5
prd00527,user00527,1991-06-05,1991-08-08,1
prd00528,user00528,2011-08-23,2012-08-21,3
prd00529,user00529,2010-10-13,2011-01-14,4
prd00530,user00530,2019-05-10,2020-05-01,2
prd00531,user00531,1992-02-18,1992-08-19,2
prd00532,user00532,1991-11-27,1992-05-29,4
prd00533,user00533,2001-08-11,2002-05-11,4
prd00534,user00534,1993-10-04,1994-08-24,2
prd00535,user00535,2014-12-06,2015-11-17,4
prd00536,user00536,2015-07-16,2015-12-09,5
prd00537,user00537,2012-06-06,2012-08-21,4
prd00538,user00538,2013-12-30,2015-01-05,5
prd00539,user00539,2016-01-16,2016-03-31,1
prd00540,user00540,1993-11-25,1994-09-12,2
prd00541,user00541,1992-03-08,1992-11-05,1
prd00542,user00542,2017-01-04,2017-08-24,2
prd00543,user00543,1999-04-26,1999-07-18,2
prd00544,user00544,2017-04-20,2017-06-18,2
prd00545,user00545,2015-12-21,2016-07-03,3
prd00546,user00546,1994-02-27,1994-12-20,5
prd00547,user00547,2018-04-04,2018-06-20,4
prd00548,user00548,2005-12-25,2006-11-01,2
prd00549,user00549,1997-11-11,1997-12-12,5
prd00550,user00550,2011-10-14,2011-11-10,2
prd00551,user00551,2002-05-26,2003-04-02,1
prd00552,user00552,2004-03-03,2004-12-01,4
prd00553,user00553,2010-02-18,2010-05-18,4
prd00554,user00554,1993-06-03,1993-08-09,1
prd00555,user00555,2008-10-13,2009-05-07,3
prd00556,user00556,1993-08-18,1994-05-03,3
prd00557,user00557,1997-08-17,1998-03-28,2
prd00558,user00558,2010-04-17,2010-06-29,5
prd00559,user00559,1994-08-24,1995-06-26,1
prd00560,user00560,2008-11-06,2009-06-02,5
prd00561,user00561,2002-09-15,2003-05-31,2
prd00562,user00562,2002-03-26,2002-08-01,3
prd00563,user00563,2014-05-12,2015-04-30,4
prd00564,user00564,1995-09-17,1996-05-29,5
prd00565,user00565,2005-03-14,2006-04-14,3
prd00566,user00566,1992-08-22,1993-01-15,5
prd00567,user00567,2014-05-30,2014-12-04,5
prd00568,user00568,2008-08-20,2009-01-05,3
prd00569,user00569,2013-06-19,2014-03-23,2
prd00570,user00570,1996-08-31,1997-05-09,1
prd00571,user00571,1990-11-16,1991-10-22,1
prd00572,user00572,2018-02-17,2019-03-10,5
prd00573,user00573,2007-01-24,2007-12-02,5
prd00574,user00574,2018-08-06,2019-04-23,3
prd00575,user00575,1993-06-13,1994-06-07,5
prd00576,user00576,1991-10-12,1992-03-27,2
prd00577,user00577,2008-07-30,2008-12-18,2
prd00578,user00578,1993-08-18,1994-04-23,3
prd00579,user00579,2004-10-10,2004-12-06,2
prd00580,user00580,2000-06-17,2000-12-22,3
prd00581,user00581,1993-04-30,1993-05-13,5
prd00582,user00582,2008-08-13,2008-11-19,4
prd00583,user00583,1994-04-20,1994-09-02,1
prd00584,user00584,2006-08-30,2007-04-22,1
prd00585,user00585,2013-06-13,2014-03-24,2
prd00586,user00586,1993-12-25,1994-04-10,1
prd00587,user00587,2014-10-14,2015-07-09,3
prd00588,user00588,2011-10-28,2012-04-09,3
prd00589,user00589,2011-01-06,2011-06-04,1
prd00590,user00590,1997-05-02,1998-01-10,3
prd00591,user00591,2006-12-23,2007-07-17,3
prd00592,user00592,1991-05-09,1991-10-04,2
prd00593,user00593,2009-04-08,2009-06-17,1
prd00594,user00594,1990-07-30,1991-01-22,5
prd00595,user00595,2019-08-19,2020-05-25,3
prd00596,user00596,1990-08-09,1990-08-28,4
prd00597,user00597,2014-06-06,2015-06-06,3
prd00598,user00598,2010-11-10,2011-12-15,1
prd00599,user00599,2019-03-13,2019-08-16,5
prd00600,user00600,1999-03-26,1999-10-23,4
prd00601,user00601,1994-11-13,1995-12-07,2
prd00602,user00602,2008-07-09,2009-02-16,4
prd00603,user00603,2003-05-28,2003-12-25,2
prd00604,user00604,2013-03-24,2014-03-27,3
prd00605,user00605,2016-05-21,2016-09-03,1
prd00606,user00606,2009-04-02,2009-09-23,1
prd00607,user00607,1998-12-22,1999-06-06,4
prd00608,user00608,2018-12-16,2019-11-05,5
prd00609,user00609,2015-08-28,2015-12-25,2
prd00610,user00610,2007-11-14,2008-01-19,5
prd00611,user00611,1992-12-25,1993-03-03,5
prd00612,user00612,2017-05-18,2017-08-07,1
prd00613,user00613,2002-02-21,2002-12-22,4
prd00614,user00614,2011-08-09,2012-02-09,1
prd00615,user00615,1992-12-17,1993-08-09,2
prd00616,user00616,2015-08-25,2016-02-24,4
prd00617,user00617,1998-12-14,1999-01-23,4
prd00618,user00618,1997-11-27,1998-10-31,3
prd00619,user00619,1992-07-20,1993-08-14,4
prd00620,user00620,1991-12-09,1992-06-02,4
prd00621,user00621,2010-03-08,2010-03-25,4
prd00622,user00622,2016-01-14,2017-02-10,3
prd00623,user00623,1997-08-24,1998-01-28,3
prd00624,user00624,1990-01-28,1990-05-30,2
prd00625,user00625,2017-05-06,2018-02-26,4
prd00626,user00626,2016-08-22,2016-11-27,5
prd00627,user00627,2014-06-22,2015-03-21,1
prd00628,user00628,1997-05-15,1998-06-14,1
prd00629,user00629,2000-11-03,2001-06-06,1
prd00630,user00630,2015-09-12,2015-11-27,5
prd00631,user00631,1989-12-28,1990-09-08,4
prd00632,user00632,2016-09-01,2017-01-21,2
prd00633,user00633,2003-10-12,2004-03-05,3
prd00634,user00634,1997-10-14,1998-05-30,2
prd00635,user00635,2007-02-10,2007-03-10,3
prd00636,user00636,1996-08-22,1997-03-04,3
prd00637,user00637,2018-12-27,2019-10-16,3
prd00638,user00638,1996-09-11,1996-09-26,5
prd00639,user00639,2018-12-14,2019-05-21,4
prd00640,user00640,2010-09-10,2011-08-14,5
prd00641,user00641,2013-02-23,2014-03-20,1
prd00642,user00642,1992-06-27,1992-08-07,2
prd00643,user00643,1999-07-02,2000-05-02,1
prd00644,user00644,1998-06-11,1998-10-05,4
prd00645,user00645,1999-03-18,2000-01-01,4
prd00646,user00646,2003-12-12,2004-05-29,2
prd00647,user00647,2019-10-12,2020-07-16,2
prd00648,user00648,1994-01-24,1994-03-05,1
prd00649,user00649,2013-07-23,2014-05-26,3
prd00650,user00650,2016-12-02,2017-06-08,3
prd00651,user00651,2018-02-05,2018-10-27,1
prd00652,user00652,1990-11-07,1991-07-03,5
prd00653,user00653,2000-04-29,2001-05-14,1
prd00654,user00654,2018-10-27,2019-10-08,2
prd00655,user00655,1998-06-13,1999-02-24,3
prd00656,user00656,2014-10-14,2015-11-13,3
prd00657,user00657,2016-03-03,2016-06-07,5
prd00658,user00658,1996-09-27,1996-11-21,4
prd00659,user00659,2010-09-23,2011-06-05,2
prd00660,user00660,2007-12-22,2008-11-06,4
prd00661,user00661,1997-02-11,1997-12-04,3
prd00662,user00662,2006-08-04,2006-11-09,2
prd00663,user00663,1996-12-29,1997-07-05,1
prd00664,user00664,2006-08-22,2007-06-04,1
prd00665,user00665,1991-03-25,1991-04-14,1
prd00666,user00666,2008-05-17,2009-03-28,4
prd00667,user00667,1999-11-07,2000-06-14,1
prd00668,user00668,1992-07-12,1993-02-27,3
prd00669,user00669,1991-01-08,1991-02-03,3
prd00670,user00670,2013-05-29,2014-02-13,1
prd00671,user00671,2000-09-19,2001-07-24,5
prd00672,user00672,2004-02-16,2004-07-21,1
prd00673,user00673,2016-10-24,2017-11-09,4
prd00674,user00674,2009-11-13,2010-08-30,4
prd00675,user00675,2010-06-12,2010-11-30,2
prd00676,user00676,1994-08-18,1995-08-24,3
prd00677,user00677,1999-05-03,2000-05-29,1
prd00678,user00678,2000-04-08,2000-08-16,3
prd00679,user00679,2011-02-21,2011-08-02,4
prd00680,user00680,2010-05-07,2010-06-12,5
prd00681,user00681,1990-10-14,1990-12-24,5
prd00682,user00682,1991-12-30,1992-08-15,1
prd00683,user00683,1996-09-03,1997-04-26,5
prd00684,user00684,2006-11-20,2007-12-07,2
prd00685,user00685,1992-11-10,1993-03-26,3
prd00686,user00686,2005-10-29,2006-08-08,5
prd00687,user00687,1997-06-08,1997-08-24,4
prd00688,user00688,2007-01-09,2007-05-14,2
prd00689,user00689,2013-04-16,2013-05-25,2
prd00690,user00690,2004-01-06,2004-02-17,2
prd00691,user00691,1997-12-19,1998-07-20,1
prd00692,user00692,2001-06-07,2002-02-11,4
prd00693,user00693,2015-09-18,2016-07-16,1
prd00694,user00694,2007-05-13,2008-04-07,5
prd00695,user00695,2014-04-09,2014-11-26,2
prd00696,user00696,1990-10-24,1991-01-21,3
prd00697,user00697,2010-02-17,2010-06-21,5
prd00698,user00698,2000-10-13,2001-09-06,2
prd00699,user00699,2004-01-11,2004-08-16,5
prd00700,user00700,1990-07-22,1991-05-18,3
prd00701,user00701,2005-11-24,2006-09-20,2
prd00702,user00702,2003-07-20,2003-11-19,1
prd00703,user00703,2002-10-04,2003-06-30,3
prd00704,user00704,2004-01-26,2004-06-14,5
prd00705,user00705,2000-02-03,2000-09-25,1
prd00706,user00706,2019-08-03,2020-07-22,2
prd00707,user00707,2018-05-28,2018-09-19,5
prd00708,user00708,2015-05-15,2015-08-31,3
prd00709,user00709,2013-07-01,2014-06-25,3
prd00710,user00710,2007-02-25,2007-06-30,1
prd00711,user00711,1998-08-25,1999-04-05,4
prd00712,user00712,2012-04-18,2012-09-08,3
prd00713,user00713,2005-08-01,2006-04-12,2
prd00714,user00714,2002-02-05,2002-11-27,2
prd00715,user00715,2004-06-09,2005-02-18,5
prd00716,user00716,2008-09-23,2009-06-04,2
prd00717,user00717,1998-03-07,1998-09-05,1
prd00718,user00718,2007-08-15,2008-09-05,1
prd00719,user00719,1991-09-12,1992-03-02,3
prd00720,user00720,2002-01-28,2002-03-20,1
prd00721,user00721,2011-09-20,2012-04-09,4
prd00722,user00722,2003-08-22,2004-03-27,2
prd00723,user00723,2012-12-27,2013-10-25,1
prd00724,user00724,2014-11-21,2014-12-26,5
prd00725,user00725,2003-10-24,2004-08-10,4
prd00726,user00726,2004-07-19,2005-01-18,4
prd00727,user00727,2018-01-05,2018-05-24,2
prd00728,user00728,1998-10-06,1999-05-18,2
prd00729,user00729,2012-07-15,2013-07-09,4
prd00730,user00730,2013-09-12,2014-06-02,1
prd00731,user00731,2011-10-28,2012-08-20,2
prd00732,user00732,2007-03-11,2008-02-21,2
prd00733,user00733,2019-09-26,2020-03-30,4
prd00734,user00734,2013-11-30,2014-06-07,3
prd00735,user00735,2001-01-24,2001-09-11,2
prd00736,user00736,2012-05-30,2013-04-08,2
prd00737,user00737,2016-01-25,2016-08-09,3
prd00738,user00738,1996-05-17,1997-02-04,5
prd00739,user00739,1993-08-19,1994-01-02,2
prd00740,user00740,2010-08-20,2011-02-23,3
prd00741,user00741,2010-05-01,2010-07-06,1
prd00742,user00742,2011-01-02,2011-03-27,3
prd00743,user00743,2006-06-25,2006-12-28,4
prd00744,user00744,2011-04-09,2011-10-27,4
prd00745,user00745,2005-12-06,2006-08-01,2
prd00746,user00746,2001-08-11,2001-08-26,4
prd00747,user00747,2002-08-13,2003-07-08,5
prd00748,user00748,2013-12-16,2014-07-27,2
prd00749,user00749,1990-07-12,1991-07-15,2
prd00750,user00750,1999-07-30,1999-08-20,1
prd00751,user00751,1995-06-24,1996-01-14,2
prd00752,user00752,2010-11-27,2011-02-04,2
prd00753,user00753,2011-06-25,2011-09-17,4
prd00754,user00754,2007-05-16,2008-03-25,4
prd00755,user00755,1997-07-15,1998-03-19,2
prd00756,user00756,1994-06-22,1994-08-08,4
prd00757,user00757,1999-04-04,1999-06-15,5
prd00758,user00758,2007-10-31,2008-10-23,5
prd00759,user00759,2010-06-10,2011-01-07,5
prd00760,user00760,2014-09-04,2015-08-07,4
prd00761,user00761,2013-07-28,2013-10-04,2
prd00762,user00762,1998-06-15,1999-06-17,3
prd00763,user00763,2000-05-09,2000-08-17,4
prd00764,user00764,2002-02-09,2003-02-19,3
prd00765,user00765,2002-04-02,2002-05-18,1
prd00766,user00766,2013-12-18,2014-06-26,1
prd00767,user00767,2005-07-08,2006-07-28,4
prd00768,user00768,2017-07-04,2017-11-23,5
prd00769,user00769,2011-02-27,2011-11-01,3
prd00770,user00770,2009-08-06,2010-01-21,2
prd00771,user00771,2015-01-27,2015-12-29,3
prd00772,user00772,2014-02-17,2014-06-03,1
prd00773,user00773,2004-09-07,2005-08-04,3
prd00774,user00774,2012-01-23,2012-04-04,2
prd00775,user00775,1993-04-18,1993-06-06,3
prd00776,user00776,1991-03-18,1992-02-06,1
prd00777,user00777,1994-10-31,1995-05-05,4
prd00778,user00778,2019-03-04,2019-05-03,5
prd00779,user00779,1997-02-09,1997-09-26,4
prd00780,user00780,1997-06-21,1998-04-08,5
prd00781,user00781,2016-05-07,2017-02-05,5
prd00782,user00782,2010-12-07,2011-09-05,3
prd00783,user00783,2006-03-10,2006-04-28,3
prd00784,user00784,1993-03-21,1993-04-01,2
prd00785,user00785,2018-05-17,2018-11-19,3
prd00786,user00786,2016-09-02,2017-01-17,5
prd00787,user00787,2001-01-22,2001-06-02,3
prd00788,user00788,1997-01-07,1997-07-28,2
prd00789,user00789,2004-05-12,2004-09-04,5
prd00790,user00790,2007-07-14,2008-05-27,3
prd00791,user00791,1997-02-06,1997-11-03,5
prd00792,user00792,2005-05-22,2005-08-05,3
prd00793,user00793,2015-03-11,2015-07-16,3
prd00794,user00794,2002-12-28,2003-05-21,2
prd00795,user00795,2016-09-26,2017-07-07,4
prd00796,user00796,1995-12-27,1996-10-12,3
prd00797,user00797,2004-12-06,2005-05-15,2
prd00798,user00798,2007-11-19,2008-05-30,1
prd00799,user00799,1999-03-15,1999-07-20,2
prd00800,user00800,2000-12-02,2001-09-25,4
prd00801,user00801,2005-08-11,2005-11-06,1
prd00802,user00802,2000-05-30,2001-02-02,1
prd00803,user00803,1997-07-12,1998-01-26,4
prd00804,user00804,2019-02-01,2020-01-27,5
prd00805,user00805,2007-01-28,2008-01-20,4
prd00806,user00806,1991-10-09,1992-05-13,2
prd00807,user00807,1997-04-08,1998-03-20,2
prd00808,user00808,1997-06-19,1998-05-30,5
prd00809,user00809,2010-04-03,2010-07-07,1
prd00810,user00810,2019-06-14,2019-10-21,5
prd00811,user00811,1993-09-05,1993-12-10,4
prd00812,user00812,2008-03-27,2008-12-05,2
prd00813,user00813,2011-07-13,2011-12-11,3
prd00814,user00814,2010-04-01,2011-02-03,1
prd00815,user00815,1993-11-16,1994-06-04,2
prd00816,user00816,2018-07-02,2019-07-30,5
prd00817,user00817,2018-09-22,2019-05-06,5
prd00818,user00818,1998-06-04,1998-09-19,4
prd00819,user00819,2000-03-28,2000-12-23,3
prd00820,user00820,1991-01-25,1991-12-21,5
prd00821,user00821,2014-06-02,2014-08-13,4
prd00822,user00822,2014-03-31,2014-12-21,2
prd00823,user00823,2008-02-08,2009-02-18,1
prd00824,user00824,1999-09-27,2000-01-27,5
prd00825,user00825,2008-03-15,2008-08-27,4
prd00826,user00826,2007-10-09,2007-11-16,2
prd00827,user00827,2001-04-03,2002-02-26,5
prd00828,user00828,1993-06-22,1994-01-09,2
prd00829,user00829,2002-04-13,2002-12-05,2
prd00830,user00830,1996-07-16,1996-10-03,5
prd00831,user00831,2018-12-24,2019-01-11,5
prd00832,user00832,2015-12-20,2016-08-27,2
prd00833,user00833,2001-03-30,2001-04-25,5
prd00834,user00834,2019-10-17,2020-01-29,4
prd00835,user00835,2005-10-16,2006-02-26,1
prd00836,user00836,2013-04-20,2013-06-22,4
prd00837,user00837,2002-06-06,2003-05-19,4
prd00838,user00838,1994-11-10,1995-11-30,1
prd00839,user00839,2019-03-15,2019-11-30,5
prd00840,user00840,2000-10-10,2000-11-23,4
prd00841,user00841,2013-01-13,2013-09-11,4
prd00842,user00842,2013-06-08,2013-11-05,3
prd00843,user00843,2018-05-28,2018-07-12,2
prd00844,user00844,1991-07-06,1992-04-16,2
prd00845,user00845,1997-05-31,1998-02-26,3
prd00846,user00846,2008-09-08,2008-11-15,3
prd00847,user00847,2016-12-08,2017-07-21,3
prd00848,user00848,1996-08-08,1997-06-18,4
prd00849,user00849,1991-09-06,1992-06-25,3
prd00850,user00850,1991-11-07,1992-08-10,3
prd00851,user00851,2017-10-13,2018-11-15,1
prd00852,user00852,2008-07-12,2008-10-09,4
prd00853,user00853,2003-10-08,2004-06-10,4
prd00854,user00854,2010-07-10,2011-06-25,5
prd00855,user00855,2003-08-20,2004-07-28,2
prd00856,user00856,1992-06-09,1993-06-25,5
prd00857,user00857,2005-04-23,2005-08-30,4
prd00858,user00858,2001-09-04,2001-11-10,1
prd00859,user00859,2009-06-30,2010-06-18,4
prd00860,user00860,1994-08-09,1995-04-25,4
prd00861,user00861,2000-07-16,2000-11-03,5
prd00862,user00862,2017-03-25,2018-03-25,4
prd00863,user00863,1994-01-14,1995-01-28,4
prd00864,user00864,1999-02-18,2000-01-25,4
prd00865,user00865,2002-07-11,2003-07-17,2
prd00866,user00866,2004-03-05,2005-01-29,1
prd00867,user00867,1998-05-24,1999-02-11,5
prd00868,user00868,2018-01-17,2018-07-12,5
prd00869,user00869,2002-07-30,2003-07-30,5
prd00870,user00870,2011-08-10,2011-12-19,2
prd00871,user00871,1992-02-11,1992-04-25,3
prd00872,user00872,2012-04-14,2012-08-26,4
prd00873,user00873,2016-12-30,2017-01-28,5
prd00874,user00874,1994-10-01,1995-02-19,4
prd00875,user00875,1994-04-02,1994-11-15,2
prd00876,user00876,2013-02-07,2013-12-18,1
prd00877,user00877,1993-12-17,1994-10-21,5
prd00878,user00878,2011-05-30,2011-06-21,3
prd00879,user00879,2010-01-23,2010-05-15,1
prd00880,user00880,1998-10-31,1999-09-25,3
prd00881,user00881,1996-08-26,1997-03-31,3
prd00882,user00882,2006-11-17,2007-07-24,2
prd00883,user00883,1997-09-19,1997-11-08,2
prd00884,user00884,2019-02-02,2019-05-13,5
prd00885,user00885,2015-12-30,2016-06-09,2
prd00886,user00886,1997-04-12,1998-04-11,3
prd00887,user00887,2007-04-08,2008-02-06,4
prd00888,user00888,2011-12-25,2012-06-18,4
prd00889,user00889,2014-03-01,2014-03-25,3
prd00890,user00890,2005-02-15,2005-05-03,3
prd00891,user00891,1999-01-15,1999-09-13,1
prd00892,user00892,2014-06-09,2015-02-08,4
prd00893,user00893,2000-12-16,2001-04-27,5
prd00894,user00894,2003-01-20,2004-02-22,2
prd00895,user00895,2013-09-16,2014-01-15,5
prd00896,user00896,2000-01-23,2001-02-20,5
prd00897,user00897,1992-12-15,1993-02-24,5
prd00898,user00898,2003-12-16,2004-12-08,5
prd00899,user00899,2019-10-22,2020-04-04,5
prd00900,user00900,1990-04-14,1990-06-25,3
prd00901,user00901,2001-12-04,2002-07-29,1
prd00902,user00902,2009-01-12,2009-09-25,2
prd00903,user00903,1995-08-20,1995-11-10,5
prd00904,user00904,2007-06-12,2007-09-13,1
prd00905,user00905,1989-12-16,1990-08-17,1
prd00906,user00906,2015-10-20,2016-09-07,4
prd00907,user00907,2015-11-11,2016-06-22,4
prd00908,user00908,2013-10-29,2014-11-05,5
prd00909,user00909,2003-03-21,2004-01-04,1
prd00910,user00910,1998-09-21,1999-09-07,1
prd00911,user00911,1996-02-21,1997-01-22,3
prd00912,user00912,2010-03-25,2011-03-12,5
prd00913,user00913,1992-12-03,1993-03-11,1
prd00914,user00914,1992-11-19,1993-10-29,1
prd00915,user00915,1998-03-28,1999-04-28,1
prd00916,user00916,2010-10-24,2011-11-16,1
prd00917,user00917,2005-11-23,2006-02-12,5
prd00918,user00918,1993-01-22,1993-11-17,2
prd00919,user00919,2017-09-26,2018-10-13,5
prd00920,user00920,2007-01-14,2007-04-28,4
prd00921,user00921,1995-01-12,1995-02-16,4
prd00922,user00922,1994-05-07,1994-09-10,1
prd00923,user00923,2015-11-05,2016-04-02,3
prd00924,user00924,2016-04-04,2017-01-02,3
prd00925,user00925,2016-03-26,2016-04-17,5
prd00926,user00926,2010-11-29,2010-12-21,4
prd00927,user00927,2006-09-05,2007-05-09,3
prd00928,user00928,2014-09-11,2014-10-20,5
prd00929,user00929,2017-07-02,2017-10-17,5
prd00930,user00930,1990-02-14,1990-08-19,4
prd00931,user00931,2017-08-30,2017-11-14,4
prd00932,user00932,1997-04-06,1998-05-02,2
prd00933,user00933,2019-12-13,2020-02-25,2
prd00934,user00934,2004-03-05,2004-03-26,2
prd00935,user00935,1995-06-19,1995-12-22,2
prd00936,user00936,2019-06-08,2019-07-25,4
prd00937,user00937,2011-12-03,2012-10-23,3
prd00938,user00938,2018-05-16,2018-07-26,3
prd00939,user00939,1997-05-11,1998-01-10,4
prd00940,user00940,2001-11-03,2002-03-07,3
prd00941,user00941,2010-11-17,2011-07-27,2
prd00942,user00942,1992-02-21,1993-01-20,3
prd00943,user00943,2002-11-25,2003-05-02,3
prd00944,user00944,2004-12-01,2005-12-02,3
prd00945,user00945,1997-08-01,1998-04-10,5
prd00946,user00946,1999-02-20,1999-07-29,3
prd00947,user00947,2001-03-23,2001-05-11,2
prd00948,user00948,2014-07-23,2015-07-10,1
prd00949,user00949,2015-07-26,2015-08-11,2
prd00950,user00950,2016-11-04,2017-07-19,3
prd00951,user00951,1995-04-11,1996-03-29,2
prd00952,user00952,1991-04-29,1992-02-03,5
prd00953,user00953,2002-10-02,2003-04-30,3
prd00954,user00954,1997-04-28,1998-01-11,4
prd00955,user00955,2006-08-13,2006-09-18,4
prd00956,user00956,2005-05-31,2005-08-08,2
prd00957,user00957,2010-11-01,2011-07-26,5
prd00958,user00958,1991-10-19,1992-03-27,1
prd00959,user00959,1993-03-25,1993-11-30,1
prd00960,user00960,2001-09-11,2002-08-01,3
prd00961,user00961,1995-02-22,1995-12-26,4
prd00962,user00962,2012-05-14,2012-10-15,2
prd00963,user00963,1992-06-09,1992-12-10,5
prd00964,user00964,2019-04-26,2019-08-22,1
prd00965,user00965,2003-10-19,2004-09-26,1
prd00966,user00966,2015-06-23,2016-06-19,4
prd00967,user00967,2007-09-07,2008-04-17,3
prd00968,user00968,1992-07-02,1992-11-10,2
prd00969,user00969,1992-12-20,1993-03-12,5
prd00970,user00970,2007-01-02,2007-05-19,4
prd00971,user00971,1991-03-01,1991-09-21,5
prd00972,user00972,1994-07-27,1994-10-24,3
prd00973,user00973,2017-10-30,2018-03-29,3
prd00974,user00974,1996-10-26,1997-01-23,2
prd00975,user00975,1996-05-11,1996-12-14,4
prd00976,user00976,1991-01-22,1991-10-29,4
prd00977,user00977,2018-07-30,2019-07-19,3
prd00978,user00978,2012-08-02,2012-09-06,4
prd00979,user00979,1995-03-04,1996-03-21,1
prd00980,user00980,2000-06-16,2001-02-24,4
prd00981,user00981,1991-03-04,1991-07-18,1
prd00982,user00982,1997-11-23,1998-03-23,2
prd00983,user00983,2000-12-21,2001-02-22,2
prd00984,user00984,2011-02-04,2012-03-01,3
prd00985,user00985,2017-09-02,2018-04-17,5
prd00986,user00986,2005-03-23,2005-06-16,4
prd00987,user00987,1997-10-05,1998-04-24,5
prd00988,user00988,1998-05-03,1998-10-27,3
prd00989,user00989,1992-09-23,1992-10-17,1
prd00990,user00990,1993-09-29,1994-09-05,2
prd00991,user00991,2019-05-21,2019-06-28,3
prd00992,user00992,1994-07-18,1994-08-02,3
prd00993,user00993,1994-09-07,1995-01-15,2
prd00994,user00994,1998-12-11,1999-09-18,1
prd00995,user00995,2018-06-09,2019-03-15,5
prd00996,user00996,1995-08-18,1995-09-23,2
prd00997,user00997,2017-07-03,2018-01-28,1
prd00998,user00998,2011-08-18,2012-09-07,1
prd00999,user00999,1997-04-30,1998-03-30,3
prd01000,user01000,2012-06-26,2013-02-10,3
